https://n.rivals.com/content/prospects/2018/rondell-bothroyd-194211,"Storrs-Mansfield, CT",Rondell Bothroyd,Tight end,Wake Forest
https://n.rivals.com/content/prospects/2018/kyle-dobbins-12456,"Richland, NJ",Kyle Dobbins,All-purpose back,Temple
https://n.rivals.com/content/prospects/2018/malik-rodgers-184438,"Pearland, TX",Malik Rodgers,Wide Receiver,Air Force
https://n.rivals.com/content/prospects/2018/kameron-lewis-205513,"Houston, TX",Kameron Lewis,Offensive tackle,Houston
https://n.rivals.com/content/prospects/2018/matthew-romero-210433,"San Marcos, CA",Matthew Romero,Pro-style quarterback,New Mexico State
https://n.rivals.com/content/prospects/2018/zedrick-raymond-210476,"Independence, KS",Zedrick Raymond,Cornerback,Miami (OH)
https://n.rivals.com/content/prospects/2018/tairek-johnson-210494,"Senatobia, MS",Tairek Johnson,Offensive guard,Southern Miss
https://n.rivals.com/content/prospects/2018/darian-kinnard-183426,"Cleveland, OH",Darian Kinnard,Offensive tackle,Kentucky
https://n.rivals.com/content/prospects/2018/hakeem-white-200768,"Waco, TX",Hakeem  White,Offensive guard,Texas Tech
https://n.rivals.com/content/prospects/2018/david-green-59145,"Pittsburgh, PA",David Green,Defensive tackle,Pittsburgh
https://n.rivals.com/content/prospects/2018/deneric-prince-189397,"Manvel, TX",Deneric  Prince,Running Back,Texas A&M
https://n.rivals.com/content/prospects/2018/charles-campbell-208239,"Jackson, TN",Charles Campbell,Kicker,Indiana
https://n.rivals.com/content/prospects/2018/jalen-mayfield-181058,"Grand Rapids, MI",Jalen Mayfield,Offensive tackle,Michigan
https://n.rivals.com/content/prospects/2018/rodrick-fisher-209409,"Spokane Valley, WA",Rodrick Fisher,Wide Receiver,Washington State
https://n.rivals.com/content/prospects/2018/tyree-wilson-183836,"New London, TX",Tyree Wilson,Weakside defensive end,Texas A&M
https://n.rivals.com/content/prospects/2018/dawson-jaramillo-9778,"Lake Oswego, OR",Dawson Jaramillo,Offensive tackle,Oregon
https://n.rivals.com/content/prospects/2018/dequan-jackson-180142,"Jacksonville, FL",Dequan  Jackson,Outside linebacker,Colorado State
https://n.rivals.com/content/prospects/2018/tola-banjoko-181840,"Alexandria, VA",Tola Banjoko,Offensive tackle,Princeton
https://n.rivals.com/content/prospects/2018/mike-williams-210763,"Scooba, MS",Mike Williams,Wide Receiver,Nebraska
https://n.rivals.com/content/prospects/2018/jacquez-jones-7894,"Tuscaloosa, AL",Jacquez Jones,Inside linebacker,Mississippi
https://n.rivals.com/content/prospects/2018/zaire-taylor-200438,"Helotes, TX",Zaire  Taylor,Cornerback,Houston
https://n.rivals.com/content/prospects/2018/isaiah-bellamy-107655,"Largo, FL",Isaiah Bellamy,Athlete,UCF
https://n.rivals.com/content/prospects/2018/connor-noland-5637,"Greenwood, AR",Connor Noland,Pro-style quarterback,Arkansas
https://n.rivals.com/content/prospects/2018/daquris-wiggins-2609,"Miami, FL",Daquris Wiggins,Wide Receiver,Miami (FL)
https://n.rivals.com/content/prospects/2018/zamari-walton-192293,"Melbourne, FL",Zamari Walton,Athlete,Georgia Tech
https://n.rivals.com/content/prospects/2018/robert-hicks-3488,"Miami, FL",Robert Hicks,Inside linebacker,Louisville
https://n.rivals.com/content/prospects/2018/manny-orona-210940,"Glendale, AZ",Manny Orona,Offensive tackle,Memphis
https://n.rivals.com/content/prospects/2018/jalynn-sykes-67489,"Rome, GA",Jalynn Sykes,Running Back,Marshall
https://n.rivals.com/content/prospects/2018/kai-locksley-209069,"Council Bluffs, IA",Kai Locksley,Dual-threat quarterback,UTEP
https://n.rivals.com/content/prospects/2018/kolbi-fuqua-180932,"Cordova, AL",Kolbi Fuqua,Athlete,Auburn
https://n.rivals.com/content/prospects/2018/dj-brown-93610,"Washington, DC",DJ Brown,Cornerback,Virginia
https://n.rivals.com/content/prospects/2018/briason-mays-186336,"Bolivar, TN",Briason Mays,Offensive guard,West Virginia
https://n.rivals.com/content/prospects/2018/travion-williams-207038,"Scooba, MS",Travion Williams,Cornerback,Southern Miss
https://n.rivals.com/content/prospects/2018/jacob-mangum-farrar-185973,"Sugar Land, TX",Jacob Mangum-Farrar,Inside linebacker,Stanford
https://n.rivals.com/content/prospects/2018/keyondre-white-15775,"Hollywood, FL",Keyondre White,Running Back,Akron
https://n.rivals.com/content/prospects/2018/coran-taylor-89723,"Peoria, IL",Coran Taylor,Dual-threat quarterback,Illinois
https://n.rivals.com/content/prospects/2018/cj-parks-96545,"Santa Ana, CA",CJ Parks,Wide Receiver,UCLA
https://n.rivals.com/content/prospects/2018/samuel-oshodi-194555,"Coral Springs, FL",Samuel Oshodi,Wide Receiver,Georgia State
https://n.rivals.com/content/prospects/2018/tre-leslie-196398,"Tucker, GA",Tre Leslie,Inside linebacker,Western Kentucky
https://n.rivals.com/content/prospects/2018/will-lawrence-1906,"Memphis, TN",Will Lawrence,Offensive guard,Virginia
https://n.rivals.com/content/prospects/2018/william-robinson-108838,"Hattiesburg, MS",William Robinson,Outside linebacker,Southern Miss
https://n.rivals.com/content/prospects/2018/jemarcus-burrell-183530,"Cottondale, AL",Jemarcus Burrell,Safety,Arkansas State
https://n.rivals.com/content/prospects/2018/tavis-lee-184943,"Martinsburg, WV",Tavis Lee,Outside linebacker,West Virginia
https://n.rivals.com/content/prospects/2018/derrick-eason-180144,"Norfolk, VA",Derrick  Eason,Defensive tackle,North Carolina State
https://n.rivals.com/content/prospects/2018/nazir-sy-182491,"Norcross, GA",Nazir Sy,Defensive tackle,Western Kentucky
https://n.rivals.com/content/prospects/2018/jammal-houston-181400,"Marrero, LA",Jammal Houston,Wide Receiver,Colorado State
https://n.rivals.com/content/prospects/2018/rayshad-williams-183933,"Memphis, TN",Rayshad Williams,Cornerback,Vanderbilt
https://n.rivals.com/content/prospects/2018/elliott-mcelwain-188258,"Trussville, AL",Elliott  McElwain,Running Back,Yale
https://n.rivals.com/content/prospects/2018/myles-mason-2166,"Trussville, AL",Myles Mason,Safety,Mississippi State
https://n.rivals.com/content/prospects/2018/jason-whittaker-16832,"Rockford, MI",Jason Whittaker,Pro-style quarterback,Northwestern
https://n.rivals.com/content/prospects/2018/james-collins-186131,"Chesapeake, VA",James Collins,Offensive tackle,UCF
https://n.rivals.com/content/prospects/2018/rj-roderick-198514,"Summerville, SC",RJ Roderick,Safety,South Carolina
https://n.rivals.com/content/prospects/2018/tanner-ingle-57005,"Orlando, FL",Tanner Ingle,Athlete,North Carolina State
https://n.rivals.com/content/prospects/2018/jaylen-rivers-2354,"Loganville, GA",Jaylen Rivers,Outside linebacker,Northwestern
https://n.rivals.com/content/prospects/2018/frank-fillip-200103,"Houston, TX",Frank Fillip,Offensive tackle,Colorado
https://n.rivals.com/content/prospects/2018/john-morgan-67797,"Hyattsville, MD",John Morgan,Strongside defensive end,Pittsburgh
https://n.rivals.com/content/prospects/2018/quentin-bivens-200852,"Waynesboro, MS",Quentin Bivens,Defensive tackle,Mississippi
https://n.rivals.com/content/prospects/2018/reese-taylor-184194,"Indianapolis, IN",Reese Taylor,Athlete,Indiana
https://n.rivals.com/content/prospects/2018/steve-krajewski-164985,"Moultrie, GA",Steve Krajewski,Pro-style quarterback,Connecticut
https://n.rivals.com/content/prospects/2018/noel-ofori-nyadu-194750,"Arlington, TX",Noel Ofori-Nyadu,Offensive tackle,Connecticut
https://n.rivals.com/content/prospects/2018/nolan-johnson-181132,"High Point, NC",Nolan Johnson,Cornerback,East Carolina
https://n.rivals.com/content/prospects/2018/maxwell-worship-184148,"Fort Lauderdale, FL",Maxwell Worship,Safety,Vanderbilt
https://n.rivals.com/content/prospects/2018/kd-hill-181800,"Eufaula, AL",KD Hill,Defensive tackle,Mississippi
https://n.rivals.com/content/prospects/2018/isaiah-mullens-82754,"Canal Winchester, OH",Isaiah Mullens,Defensive tackle,Wisconsin
https://n.rivals.com/content/prospects/2018/rafiti-ghirmai-184150,"Frisco, TX",Rafiti Ghirmai,Offensive tackle,Texas
https://n.rivals.com/content/prospects/2018/braden-cassity-183601,"Austin, TX",Braden Cassity,Weakside defensive end,Oklahoma State
https://n.rivals.com/content/prospects/2018/ernest-jones-185669,"Waycross, GA",Ernest Jones,Outside linebacker,South Carolina
https://n.rivals.com/content/prospects/2018/tyler-bentley-183072,"West Chester, OH",Tyler Bentley,Defensive tackle,Pittsburgh
https://n.rivals.com/content/prospects/2018/grayson-mann-180715,"Fort Worth, TX",Grayson Mann,Inside linebacker,Northwestern
https://n.rivals.com/content/prospects/2018/bryson-williams-78071,"Lincoln, NE",Bryson Williams,Defensive tackle,Wisconsin
https://n.rivals.com/content/prospects/2018/bryce-bray-5986,"Bixby, OK",Bryce Bray,Offensive tackle,Oklahoma State
https://n.rivals.com/content/prospects/2018/ryan-betro-185844,"Groton, MA",Ryan Betro,Defensive tackle,Boston College
https://n.rivals.com/content/prospects/2018/james-williams-184260,"Jackson, MS",James  Williams,Defensive tackle,Mississippi
https://n.rivals.com/content/prospects/2018/payne-he-bert-180273,"Pearland, TX",Payne He'bert,Offensive tackle,Northwestern
https://n.rivals.com/content/prospects/2018/jaylon-baker-204674,"Chattanooga, TN",Jaylon Baker,Cornerback,Virginia
https://n.rivals.com/content/prospects/2018/jehlani-galloway-44022,"Providence, RI",Jehlani Galloway,Wide Receiver,Boston College
https://n.rivals.com/content/prospects/2018/trey-urquhart-189283,"Acworth, GA",Trey Urquhart,Running Back,Western Kentucky
https://n.rivals.com/content/prospects/2018/aj-carter-155153,"Many, LA",AJ Carter,Running Back,Arizona State
https://n.rivals.com/content/prospects/2018/jarrett-preston-181923,"Missouri City, TX",Jarrett Preston,Safety,Texas-San Antonio
https://n.rivals.com/content/prospects/2018/corey-mayfield-167668,"Forney, TX",Corey Mayfield,Safety,Texas-San Antonio
https://n.rivals.com/content/prospects/2018/peter-gray-184597,"Tupelo, MS",Peter Gray,Outside linebacker,Texas-San Antonio
https://n.rivals.com/content/prospects/2018/jajuan-cherry-71071,"Okeechobee, FL",Jajuan Cherry,Cornerback,South Florida
https://n.rivals.com/content/prospects/2018/vinny-depalma-14465,"Wayne, NJ",Vinny DePalma,Inside linebacker,Boston College
https://n.rivals.com/content/prospects/2018/brandon-gray-2629,"Detroit, MI",Brandon Gray,Wide Receiver,Washington State
https://n.rivals.com/content/prospects/2018/sebastian-sainterling-22310,"Fort Lauderdale, FL",Sebastian Sainterling,Offensive guard,South Florida
https://n.rivals.com/content/prospects/2018/tre-douglas-52886,"Mcdonough, GA",Tre' Douglas,Cornerback,Vanderbilt
https://n.rivals.com/content/prospects/2018/aaron-casey-184632,"Douglasville, GA",Aaron Casey,Outside linebacker,Indiana
https://n.rivals.com/content/prospects/2018/ryan-smenda-183883,"Orange Park, FL",Ryan Smenda,Inside linebacker,Wake Forest
https://n.rivals.com/content/prospects/2018/nicolas-sciba-206965,"Clover, SC",Nicolas Sciba,Kicker,Wake Forest
https://n.rivals.com/content/prospects/2018/vincent-flythe-183823,"Washington, DC",Vincent Flythe,Cornerback,Maryland
https://n.rivals.com/content/prospects/2018/zion-keith-185938,"Florence, SC",Zion Keith,Safety,Wake Forest
https://n.rivals.com/content/prospects/2018/jordan-bonner-183211,"Carrollton, GA",Jordan Bonner,Wide Receiver,Purdue
https://n.rivals.com/content/prospects/2018/durell-nchami-26521,"Burtonsville, MD",Durell Nchami,Weakside defensive end,Maryland
https://n.rivals.com/content/prospects/2018/corey-fulcher-202817,"Dallas, TX",Corey Fulcher,Wide Receiver,Texas Tech
https://n.rivals.com/content/prospects/2018/jaquavius-lane-71595,"Loganville, GA",Jaquavius Lane,Wide Receiver,Kansas State
https://n.rivals.com/content/prospects/2018/jack-cravaack-171436,"Cincinnati, OH",Jack Cravaack,Tight end,Purdue
https://n.rivals.com/content/prospects/2018/spencer-trussell-28380,"Arlington, TX",Spencer Trussell,Weakside defensive end,Kansas State
https://n.rivals.com/content/prospects/2018/jimmy-mckenna-184012,"Avon, OH",Jimmy McKenna,Offensive tackle,Purdue
https://n.rivals.com/content/prospects/2018/v-lique-carter-183815,"West Palm Beach, FL",V'lique Carter,Safety,Pittsburgh
https://n.rivals.com/content/prospects/2018/cameron-fleming-182469,"Cedar Hill, TX",Cameron Fleming,All-purpose back,Memphis
https://n.rivals.com/content/prospects/2018/jeremiah-lewis-181357,"Plano, TX",Jeremiah  Lewis,Cornerback,Duke
https://n.rivals.com/content/prospects/2018/shaka-heyward-184143,"Hoschton, GA",Shaka Heyward,Outside linebacker,Duke
https://n.rivals.com/content/prospects/2018/demitri-washington-180668,"Solana Beach, CA",Demitri Washington,Strongside defensive end,Boise State
https://n.rivals.com/content/prospects/2018/kishawn-miller-207793,"Milledgeville, GA",Kishawn Miller,Cornerback,North Carolina State
https://n.rivals.com/content/prospects/2018/taylor-upshaw-182407,"Bradenton, FL",Taylor Upshaw,Strongside defensive end,Michigan
https://n.rivals.com/content/prospects/2018/jake-levengood-182802,"Vacaville, CA",Jake Levengood,Offensive tackle,Oregon State
https://n.rivals.com/content/prospects/2018/craig-francois-186066,"Los Angeles, CA",Craig Francois,Outside linebacker,Oregon State
https://n.rivals.com/content/prospects/2018/cole-beck-3305,"Blacksburg, VA",Cole Beck,Running Back,Virginia Tech
https://n.rivals.com/content/prospects/2018/devon-robinson-99308,"Memphis, TN",Devon Robinson,Outside linebacker,Mississippi State
https://n.rivals.com/content/prospects/2018/telly-plummer-180612,"Fairburn, GA",Telly Plummer,Cornerback,Louisville
https://n.rivals.com/content/prospects/2018/edward-hendrix-184250,"Washington, DC",Edward Hendrix,Wide Receiver,Syracuse
https://n.rivals.com/content/prospects/2018/javon-terry-171479,"Wake Forest, NC",Javon Terry,Safety,North Carolina
https://n.rivals.com/content/prospects/2018/charles-allen-22405,"Louisville, KY",Charles Allen,Offensive tackle,Purdue
https://n.rivals.com/content/prospects/2018/mustafa-johnson-210066,"Modesto, CA",Mustafa Johnson,Defensive tackle,Colorado
https://n.rivals.com/content/prospects/2018/fa-najae-gotay-182902,"North Fort Myers, FL",Fa'najae Gotay,Inside linebacker,Maryland
https://n.rivals.com/content/prospects/2018/owen-condon-2205,"Oklahoma City, OK",Owen Condon,Offensive tackle,Georgia
https://n.rivals.com/content/prospects/2018/nahe-sulunga-189701,"Calabasas, CA",Nahe Sulunga,Strongside defensive end,Arizona
https://n.rivals.com/content/prospects/2018/anthony-queeley-54642,"Orlando, FL",Anthony Queeley,Wide Receiver,Syracuse
https://n.rivals.com/content/prospects/2018/dwayne-boyles-186540,"Miami, FL",Dwayne Boyles,Weakside defensive end,South Florida
https://n.rivals.com/content/prospects/2018/isaiah-windmon-181559,"Marrero, LA",Isaiah Windmon,Safety,Louisiana Tech
https://n.rivals.com/content/prospects/2018/joshka-gustav-169923,"San Bernardino, CA",Joshka Gustav,Outside linebacker,Colorado
https://n.rivals.com/content/prospects/2018/l-j-wallace-181367,"Buhach, CA",L.J. Wallace,Cornerback,Colorado
https://n.rivals.com/content/prospects/2018/julian-ortega-jones-204610,"Fort Worth, TX",Julian Ortega-Jones,Wide Receiver,Bowling Green
https://n.rivals.com/content/prospects/2018/cole-ramseyer-182918,"Coeur d'Alene, ID",Cole Ramseyer,Athlete,Boise State
https://n.rivals.com/content/prospects/2018/nick-alftin-184826,"San Jose, CA",Nick Alftin,Strongside defensive end,California
https://n.rivals.com/content/prospects/2018/dan-bolden-23177,"Cincinnati, OH",Dan Bolden,Inside linebacker,Toledo
https://n.rivals.com/content/prospects/2018/jalin-cooper-183846,"Medina, NY",Jalin Cooper,Wide Receiver,Toledo
https://n.rivals.com/content/prospects/2018/devan-rogers-181459,"Sidney, OH",Devan Rogers,Defensive tackle,Toledo
https://n.rivals.com/content/prospects/2018/ja-mion-franklin-11563,"Ridgely, MD",Ja'Mion Franklin,Defensive tackle,Notre Dame
https://n.rivals.com/content/prospects/2018/tyler-baker-williams-180874,"Raleigh, NC",Tyler Baker-Williams,Safety,North Carolina State
https://n.rivals.com/content/prospects/2018/shedrick-jackson-180337,"Hoover, AL",Shedrick Jackson,Wide Receiver,Auburn
https://n.rivals.com/content/prospects/2018/tavares-kelly-32470,"Fort Lauderdale, FL",Tavares Kelly,Wide Receiver,Virginia
https://n.rivals.com/content/prospects/2018/cj-smith-208210,"Neptune Beach, FL",CJ  Smith,Cornerback,Minnesota
https://n.rivals.com/content/prospects/2018/brevyn-spann-ford-185668,"St. Cloud, MN",Brevyn Spann-Ford,Tight end,Minnesota
https://n.rivals.com/content/prospects/2018/abi-okonji-180275,"Snellville, GA",Abi Okonji,Strongside defensive end,Minnesota
https://n.rivals.com/content/prospects/2018/tyrone-collins-71085,"Bradenton, FL",Tyrone Collins,Cornerback,Missouri
https://n.rivals.com/content/prospects/2018/jack-york-179893,"Dallas, TX",Jack York,Offensive tackle,Minnesota
https://n.rivals.com/content/prospects/2018/bryce-williams-121409,"Sarasota, FL",Bryce Williams,Running Back,Minnesota
https://n.rivals.com/content/prospects/2018/nolan-edmonds-1515,"Atlanta, GA",Nolan Edmonds,Running Back,Minnesota
https://n.rivals.com/content/prospects/2018/tyler-harrell-200548,"Miami, FL",Tyler Harrell,Wide Receiver,Louisville
https://n.rivals.com/content/prospects/2018/noah-palmer-202622,"Jefferson Hills, PA",Noah Palmer,Weakside defensive end,Pittsburgh
https://n.rivals.com/content/prospects/2018/keith-brigham-210307,"Tucson, AZ",Keith Brigham,Weakside defensive end,Memphis
https://n.rivals.com/content/prospects/2018/christoph-henle-183961,"Arlington, TX",Christoph Henle,Tight end,Baylor
https://n.rivals.com/content/prospects/2018/montel-parker-37838,"Dickinson, TX",Montel Parker,Wide Receiver,Texas A&M
https://n.rivals.com/content/prospects/2018/malone-mataele-18068,"Rancho Santa Margarita, CA",Malone Mataele,Athlete,Utah
https://n.rivals.com/content/prospects/2018/rashad-scott-182804,"La Mesa, CA",Rashad Scott,Athlete,San Diego State
https://n.rivals.com/content/prospects/2018/kevaris-thomas-182052,"Lakeland, FL",Kevaris Thomas,Dual-threat quarterback,Western Kentucky
https://n.rivals.com/content/prospects/2018/esteban-avila-185943,"Grand Prairie, TX",Esteban Avila,Offensive guard,TCU
https://n.rivals.com/content/prospects/2018/trevon-moehrig-woodard-181146,"Spring Branch, TX",Trevon Moehrig-Woodard,Athlete,TCU
https://n.rivals.com/content/prospects/2018/j-t-woods-184644,"Cibolo, TX",J.T. Woods,Safety,Baylor
https://n.rivals.com/content/prospects/2018/john-stephens-184592,"Logansport, LA",John Stephens,Athlete,TCU
https://n.rivals.com/content/prospects/2018/hidari-ceasar-190036,"Monroe, LA",HiDari Ceasar,Athlete,TCU
https://n.rivals.com/content/prospects/2018/davis-brin-182824,"Boerne, TX",Davis Brin,Pro-style quarterback,Tulsa
https://n.rivals.com/content/prospects/2018/israel-mukuamu-180549,"Bossier City, LA",Israel Mukuamu,Safety,South Carolina
https://n.rivals.com/content/prospects/2018/alex-williams-176834,"Pickerington, OH",Alex Williams,Strongside defensive end,Ohio State
https://n.rivals.com/content/prospects/2018/alec-pierce-184356,"Glen Ellyn, IL",Alec Pierce,Wide Receiver,Cincinnati
https://n.rivals.com/content/prospects/2018/daeshon-martin-182292,"Akron, OH",Daeshon Martin,Strongside defensive end,Cincinnati
https://n.rivals.com/content/prospects/2018/ryan-montgomery-185202,"Franklin, OH",Ryan Montgomery,All-purpose back,Cincinnati
https://n.rivals.com/content/prospects/2018/taj-ward-155712,"Solon, OH",Taj Ward,Cornerback,Cincinnati
https://n.rivals.com/content/prospects/2018/jayshon-jackson-181061,"Chicago, IL",Jayshon Jackson,Athlete,Cincinnati
https://n.rivals.com/content/prospects/2018/dallas-taylor-cortez-183299,"West Hills, CA",Dallas Taylor-Cortez,Cornerback,Iowa State
https://n.rivals.com/content/prospects/2018/re-al-mitchell-52033,"Bellflower, CA",Re-Al Mitchell,Dual-threat quarterback,Iowa State
https://n.rivals.com/content/prospects/2018/jaeveyon-morton-15624,"Detroit, MI",Jaeveyon Morton,Cornerback,Iowa State
https://n.rivals.com/content/prospects/2018/carson-schleker-163641,"Allen, TX",Carson Schleker,Wide Receiver,Iowa State
https://n.rivals.com/content/prospects/2018/kenyon-oblad-2569,"Henderson, NV",Kenyon Oblad,Pro-style quarterback,UNLV
https://n.rivals.com/content/prospects/2018/tyler-steen-193172,"Fort Lauderdale, FL",Tyler  Steen,Weakside defensive end,Vanderbilt
https://n.rivals.com/content/prospects/2018/theo-day-105820,"Dearborn, MI",Theo Day,Pro-style quarterback,Michigan State
https://n.rivals.com/content/prospects/2018/jeslord-boateng-182492,"Dublin, OH",Jeslord Boateng,Outside linebacker,Michigan State
https://n.rivals.com/content/prospects/2018/ben-vansumeren-185199,"Essexville, MI",Ben VanSumeren,Athlete,Michigan
https://n.rivals.com/content/prospects/2018/noah-shannon-181235,"Oswego, IL",Noah Shannon,Defensive tackle,Iowa
https://n.rivals.com/content/prospects/2018/will-honas-208996,"El Dorado, KS",Will Honas,Inside linebacker,Nebraska
https://n.rivals.com/content/prospects/2018/azur-kamara-190573,"Yuma, AZ",Azur Kamara,Weakside defensive end,Kansas
https://n.rivals.com/content/prospects/2018/vernon-dasher-194735,"Coffeyville, KS",Vernon Dasher,Outside linebacker,Mississippi
https://n.rivals.com/content/prospects/2018/jacoby-hopkins-132303,"Houston, TX",Jacoby Hopkins,Wide Receiver,Texas State
https://n.rivals.com/content/prospects/2018/randy-charlton-57239,"Miami, FL",Randy Charlton,Strongside defensive end,UCF
https://n.rivals.com/content/prospects/2018/devin-haney-20300,"Kansas City, MO",Devin Haney,Cornerback,Northern Illinois
https://n.rivals.com/content/prospects/2018/chad-magyar-206242,"Rancho Santa Margarita, CA",Chad Magyar,Running Back,UNLV
https://n.rivals.com/content/prospects/2018/kyler-hack-210077,"Costa Mesa, CA",Kyler Hack,Offensive tackle,Utah State
https://n.rivals.com/content/prospects/2018/josiah-bradley-179826,"Scottsdale, AZ",Josiah Bradley,Athlete,Nevada
https://n.rivals.com/content/prospects/2018/chris-wiggins-184234,"Greensboro, NC",Chris Wiggins,Wide Receiver,Charlotte
https://n.rivals.com/content/prospects/2018/messiah-swinson-105253,"Glen Head, NY",Messiah Swinson,Tight end,Missouri
https://n.rivals.com/content/prospects/2018/jalen-chatman-19924,"Harbor City, CA",Jalen Chatman,Dual-threat quarterback,Rutgers
https://n.rivals.com/content/prospects/2018/darius-rush-181283,"Greeleyville, SC",Darius Rush,Athlete,South Carolina
https://n.rivals.com/content/prospects/2018/raiqwon-o-neal-196042,"Conway, SC",Raiqwon O'Neal,Offensive tackle,Rutgers
https://n.rivals.com/content/prospects/2018/kelijiha-brown-176824,"Saluda, SC",Kelijiha Brown,Defensive tackle,Wake Forest
https://n.rivals.com/content/prospects/2018/fabian-franklin-50031,"Hattiesburg, MS",Fabian Franklin,Running Back,TCU
https://n.rivals.com/content/prospects/2018/mataeo-durant-7193,"McCormick, SC",Mataeo Durant,Running Back,Duke
https://n.rivals.com/content/prospects/2018/artur-sitkowski-1374,"Bradenton, FL",Artur Sitkowski,Pro-style quarterback,Rutgers
https://n.rivals.com/content/prospects/2018/jeffery-johnson-186023,"Brookhaven, MS",Jeffery Johnson,Defensive tackle,Tulane
https://n.rivals.com/content/prospects/2018/juan-wallace-33748,"Bradenton, FL",Juan Wallace,Outside linebacker,Syracuse
https://n.rivals.com/content/prospects/2018/luke-jones-186064,"Little Rock, AR",Luke Jones,Offensive tackle,Notre Dame
https://n.rivals.com/content/prospects/2018/geor-quarius-spivey-189773,"Monroe, LA",Geor'Quarius Spivey,Tight end,Mississippi State
https://n.rivals.com/content/prospects/2018/aaron-maldonado-74626,"La Puente, CA",Aaron Maldonado,Defensive tackle,California
https://n.rivals.com/content/prospects/2018/daesean-winston-184189,"Severn, MD",Daesean Winston,Outside linebacker,Temple
https://n.rivals.com/content/prospects/2018/andrew-mataafa-200867,"San Diego, CA",Andrew Mataafa,Outside linebacker,Utah
https://n.rivals.com/content/prospects/2018/evan-anderson-201994,"Suwanee, GA",Evan Anderson,Running Back,Purdue
https://n.rivals.com/content/prospects/2018/jaqaun-webb-184419,"Oxford, MS",Jaqaun Webb,Wide Receiver,Marshall
https://n.rivals.com/content/prospects/2018/tykee-ogle-kellogg-182368,"Alcoa, TN",Tykee Ogle-Kellogg,Wide Receiver,Texas-San Antonio
https://n.rivals.com/content/prospects/2018/kaymar-mimes-208099,"Long Branch, NJ",Kaymar Mimes,Strongside defensive end,Rutgers
https://n.rivals.com/content/prospects/2018/isaak-togia-180330,"Garden Grove, CA",Isaak Togia,Outside linebacker,San Jose State
https://n.rivals.com/content/prospects/2018/jacob-isaia-43392,"Las Vegas, NV",Jacob Isaia,Offensive guard,Michigan State
https://n.rivals.com/content/prospects/2018/jaelyn-duncan-181808,"Baltimore, MD",Jaelyn Duncan,Offensive tackle,Maryland
https://n.rivals.com/content/prospects/2018/octavious-battle-204772,"Atlanta, GA",Octavious Battle,Pro-style quarterback,South Florida
https://n.rivals.com/content/prospects/2018/brad-cecil-76819,"Jacksonville, FL",Brad Cecil,Offensive guard,South Florida
https://n.rivals.com/content/prospects/2018/trey-laing-183624,"Tallahassee, FL",Trey Laing,Strongside defensive end,South Florida
https://n.rivals.com/content/prospects/2018/jajuan-blankenship-209044,"Independence, KS",Jajuan Blankenship,Weakside defensive end,Tulsa
https://n.rivals.com/content/prospects/2018/jaron-woodyard-198832,"Yuma, AZ",Jaron Woodyard,Athlete,Nebraska
https://n.rivals.com/content/prospects/2018/kaitori-leveston-185545,"Waco, TX",Kaitori Leveston,Offensive tackle,Kansas State
https://n.rivals.com/content/prospects/2018/byron-hanspard-15703,"DeSoto, TX",Byron Hanspard,Cornerback,Baylor
https://n.rivals.com/content/prospects/2018/hank-manos-183327,"Chapin, SC",Hank Manos,Offensive center,South Carolina
https://n.rivals.com/content/prospects/2018/blake-kuithe-183984,"Katy, TX",Blake Kuithe,Strongside defensive end,Utah
https://n.rivals.com/content/prospects/2018/brenden-brady-183594,"Cibolo, TX",Brenden Brady,Running Back,Rice
https://n.rivals.com/content/prospects/2018/tevailance-hunt-186188,"Texarkana, TX",Tevailance Hunt,Wide Receiver,TCU
https://n.rivals.com/content/prospects/2018/paul-moala-185983,"Mishawaka, IN",Paul Moala,Safety,Notre Dame
https://n.rivals.com/content/prospects/2018/vonte-davis-210958,"Brenham, TX",Vonte Davis,Cornerback,Utah
https://n.rivals.com/content/prospects/2018/jakorey-hawkins-184788,"Montgomery, AL",Jakorey Hawkins,Cornerback,Mississippi
https://n.rivals.com/content/prospects/2018/jeremy-tate-182716,"Columbus, MS",Jeremy Tate,Wide Receiver,Memphis
https://n.rivals.com/content/prospects/2018/tyrus-wheat-184602,"Amite, LA",Tyrus Wheat,Outside linebacker,Missouri
https://n.rivals.com/content/prospects/2018/tyrese-allen-77124,"Paintsville, KY",Tyrese Allen,Defensive tackle,West Virginia
https://n.rivals.com/content/prospects/2018/jamarye-joiner-67045,"Tucson, AZ",Jamarye Joiner,Dual-threat quarterback,Arizona
https://n.rivals.com/content/prospects/2018/tavion-thomas-182202,"Dayton, OH",Tavion Thomas,Running Back,Oklahoma
https://n.rivals.com/content/prospects/2018/adam-plant-31296,"Las Vegas, NV",Adam Plant,Strongside defensive end,Arizona
https://n.rivals.com/content/prospects/2018/antwan-reed-72393,"Muskegon, MI",Antwan Reed,Offensive tackle,Western Michigan
https://n.rivals.com/content/prospects/2018/iverson-clement-2455,"Mount Holly, NJ",Iverson Clement,All-purpose back,Florida
https://n.rivals.com/content/prospects/2018/amari-burney-18785,"Clearwater, FL",Amari Burney,Athlete,Florida
https://n.rivals.com/content/prospects/2018/devin-leary-2434,"Sicklerville, NJ",Devin Leary,Pro-style quarterback,North Carolina State
https://n.rivals.com/content/prospects/2018/armani-chatman-9694,"Virginia Beach, VA",Armani Chatman,Athlete,Virginia Tech
https://n.rivals.com/content/prospects/2018/matthew-bauer-18050,"Erie, PA",Matthew Bauer,Inside linebacker,Notre Dame
https://n.rivals.com/content/prospects/2018/sean-michael-flanagan-187398,"Charleston, AR",Sean Michael Flanagan,Safety,Oklahoma State
https://n.rivals.com/content/prospects/2018/darryl-jones-184213,"Virginia Beach, VA",Darryl Jones,Wide Receiver,Maryland
https://n.rivals.com/content/prospects/2018/daniel-parker-jr-95525,"Blue Springs, MO",Daniel Parker Jr.,Strongside defensive end,Missouri
https://n.rivals.com/content/prospects/2018/tyler-baylor-52549,"Olney, MD",Tyler Baylor,Weakside defensive end,Maryland
https://n.rivals.com/content/prospects/2018/cammon-cooper-16863,"Lehi, UT",Cammon Cooper,Pro-style quarterback,Washington State
https://n.rivals.com/content/prospects/2018/jaylon-king-3152,"Nashville, TN",Jaylon King,Cornerback,Georgia Tech
https://n.rivals.com/content/prospects/2018/quincy-patterson-107532,"Chicago, IL",Quincy Patterson,Dual-threat quarterback,Virginia Tech
https://n.rivals.com/content/prospects/2018/jack-sanborn-179902,"Lake Zurich, IL",Jack Sanborn,Inside linebacker,Wisconsin
https://n.rivals.com/content/prospects/2018/joe-milton-105277,"Orlando, FL",Joe Milton,Dual-threat quarterback,Michigan
https://n.rivals.com/content/prospects/2018/dare-rosenthal-11593,"Ferriday, LA",Dare Rosenthal,Defensive tackle,LSU
https://n.rivals.com/content/prospects/2018/jaquayln-crawford-180489,"Rockdale, TX",Jaquayln Crawford,Athlete,Oklahoma
https://n.rivals.com/content/prospects/2018/reggie-hughes-182420,"Calabasas, CA",Reggie Hughes,Outside linebacker,Arizona State
https://n.rivals.com/content/prospects/2018/alston-orji-166417,"Rockwall, TX",Alston Orji,Outside linebacker,Vanderbilt
https://n.rivals.com/content/prospects/2018/tyler-shough-184894,"Chandler, AZ",Tyler Shough,Pro-style quarterback,Oregon
https://n.rivals.com/content/prospects/2018/will-craig-184211,"Granite Bay, CA",Will Craig,Offensive tackle,California
https://n.rivals.com/content/prospects/2018/slade-bolden-11625,"West Monroe, LA",Slade Bolden,Athlete,Alabama
https://n.rivals.com/content/prospects/2018/rashod-bateman-204681,"Tifton, GA",Rashod Bateman,Wide Receiver,Minnesota
https://n.rivals.com/content/prospects/2018/liam-douglass-197248,"North Hollywood, CA",Liam Douglass,Offensive tackle,USC
https://n.rivals.com/content/prospects/2018/christian-armstrong-103045,"Warner Robins, GA",Christian Armstrong,Offensive tackle,Florida State
https://n.rivals.com/content/prospects/2018/jordan-moore-100759,"Yoakum, TX",Jordan Moore,Athlete,Texas A&M
https://n.rivals.com/content/prospects/2018/joshua-landry-82801,"Houston, TX",Joshua Landry,Weakside defensive end,Baylor
https://n.rivals.com/content/prospects/2018/atanza-vongor-108878,"Grand Prairie, TX",Atanza Vongor,Safety,TCU
https://n.rivals.com/content/prospects/2018/jevon-holland-42858,"Oakland, CA",Jevon Holland,Safety,Oregon
https://n.rivals.com/content/prospects/2018/malik-vann-23015,"Fairfield, OH",Malik Vann,Strongside defensive end,Cincinnati
https://n.rivals.com/content/prospects/2018/sam-taimani-180601,"Salt Lake City, UT",Sam Taimani,Offensive guard,Washington
https://n.rivals.com/content/prospects/2018/eli-jah-winston-40234,"Portland, OR",Eli'Jah Winston,Outside linebacker,Oregon
https://n.rivals.com/content/prospects/2018/jordan-allen-209195,"San Francisco, CA",Jordan Allen,Weakside defensive end,Tennessee
https://n.rivals.com/content/prospects/2018/jarell-cherry-180914,"Dallas, TX",Jarell Cherry,Weakside defensive end,LSU
https://n.rivals.com/content/prospects/2018/bobby-brown-52548,"Arlington, TX",Bobby Brown,Strongside defensive end,Alabama
https://n.rivals.com/content/prospects/2018/noah-banks-208540,"Council Bluffs, IA",Noah Banks,Offensive tackle,Florida
https://n.rivals.com/content/prospects/2018/tramonda-moore-181545,"Independence, KS",Tramonda Moore,Offensive tackle,Oklahoma
https://n.rivals.com/content/prospects/2018/saivion-smith-208331,"Perkinston, MS",Saivion Smith,Safety,Alabama
https://n.rivals.com/content/prospects/2018/josh-vann-185520,"Tucker, GA",Josh  Vann,Wide Receiver,South Carolina
https://n.rivals.com/content/prospects/2018/caden-sterns-23157,"Cibolo, TX",Caden Sterns,Safety,Texas
https://n.rivals.com/content/prospects/2018/kelvin-joseph-20724,"Baton Rouge, LA",Kelvin Joseph,Safety,LSU
https://n.rivals.com/content/prospects/2018/dashaun-white-184127,"North Richland Hills, TX",DaShaun White,Outside linebacker,Oklahoma
https://n.rivals.com/content/prospects/2018/raymond-scott-5522,"Harbor City, CA",Raymond Scott,Inside linebacker,USC
https://n.rivals.com/content/prospects/2018/tommy-togiai-170260,"Pocatello, ID",Tommy Togiai,Defensive tackle,Ohio State
https://n.rivals.com/content/prospects/2018/chris-murray-185019,"Santa Ana, CA",Chris Murray,Offensive guard,UCLA
https://n.rivals.com/content/prospects/2018/darrell-simpson-1174,"Justin, TX",Darrell Simpson,Offensive tackle,Oklahoma
https://n.rivals.com/content/prospects/2018/aidan-hutchinson-20622,"Dearborn, MI",Aidan Hutchinson,Strongside defensive end,Michigan
https://n.rivals.com/content/prospects/2018/ayodele-adeoye-185091,"Bradenton, FL",Ayodele Adeoye,Inside linebacker,Texas
https://n.rivals.com/content/prospects/2018/alontae-taylor-2024,"Manchester, TN",Alontae Taylor,Athlete,Tennessee
https://n.rivals.com/content/prospects/2018/devin-o-rourke-170156,"Frankfort, IL",Devin O'Rourke,Strongside defensive end,Northwestern
https://n.rivals.com/content/prospects/2018/demarvion-overshown-182700,"Arp, TX",DeMarvion Overshown,Safety,Texas
https://n.rivals.com/content/prospects/2018/nick-tarburton-183313,"Green Lane, PA",Nick Tarburton,Inside linebacker,Penn State
https://n.rivals.com/content/prospects/2018/jj-peterson-15118,"Moultrie, GA",JJ Peterson,Outside linebacker,Tennessee
https://n.rivals.com/content/prospects/2018/trey-dean-181053,"Hampton, GA",Trey Dean,Safety,Florida
https://n.rivals.com/content/prospects/2018/elijah-moore-16943,"Ft. Lauderdale, FL",Elijah Moore,Wide Receiver,Mississippi
https://n.rivals.com/content/prospects/2018/anthony-schwartz-184508,"Plantation, FL",Anthony Schwartz,Wide Receiver,Auburn
https://n.rivals.com/content/prospects/2018/al-blades-1523,"Ft. Lauderdale, FL",Al Blades,Cornerback,Miami (FL)
https://n.rivals.com/content/prospects/2018/justin-shorter-14432,"Monmouth Junction, NJ",Justin Shorter,Wide Receiver,Penn State
https://n.rivals.com/content/prospects/2018/quindarious-monday-82236,"Atlanta, GA",Quindarious Monday,Safety,Auburn
https://n.rivals.com/content/prospects/2018/xavier-williams-16418,"Hollywood, FL",Xavier Williams,Wide Receiver,Alabama
https://n.rivals.com/content/prospects/2018/judge-culpepper-141645,"Tampa, FL",Judge Culpepper,Defensive tackle,Penn State
https://n.rivals.com/content/prospects/2018/barton-clement-73247,"Missouri City, TX",Barton Clement,Offensive guard,Texas A&M
https://n.rivals.com/content/prospects/2018/jamien-sherwood-179885,"Jensen Beach, FL",Jamien Sherwood,Safety,Auburn
https://n.rivals.com/content/prospects/2018/de-von-graves-171825,"Appomattox, VA",De'Von Graves,Athlete,North Carolina State
https://n.rivals.com/content/prospects/2018/maxwell-iyama-179977,"Murfreesboro, TN",Maxwell Iyama,Offensive guard,South Carolina
https://n.rivals.com/content/prospects/2018/c-j-moore-39003,"Tulsa, OK",C.J. Moore,Wide Receiver,Oklahoma State
https://n.rivals.com/content/prospects/2018/james-mitchell-76462,"Big Stone Gap, VA",James Mitchell,Tight end,Virginia Tech
https://n.rivals.com/content/prospects/2018/finn-dirstine-15749,"Groton, MA",Finn Dirstine,Offensive guard,Boston College
https://n.rivals.com/content/prospects/2018/kenan-jones-181901,"Berwick, LA",Kenan Jones,Wide Receiver,LSU
https://n.rivals.com/content/prospects/2018/jamal-currie-elliott-3915,"Durham, NC",Jamal Currie-Elliott,All-purpose back,Oregon
https://n.rivals.com/content/prospects/2018/devon-lawrence-601,"Wake Forest, NC",Devon Lawrence,Running Back,North Carolina
https://n.rivals.com/content/prospects/2018/jeremy-webb-194230,"Brooklyn, NY",Jeremy Webb,Cornerback,Virginia Tech
https://n.rivals.com/content/prospects/2018/daniel-dawkins-14481,"Highstown, NJ",Daniel Dawkins,Offensive center,Vanderbilt
https://n.rivals.com/content/prospects/2018/ladarrius-bishop-178566,"Ashdown, AR",Ladarrius Bishop,Cornerback,Arkansas
https://n.rivals.com/content/prospects/2018/tahj-rice-7987,"Louisville, KY",Tahj Rice,Defensive tackle,Duke
https://n.rivals.com/content/prospects/2018/marquan-mccall-2630,"Oak Park, MI",Marquan McCall,Offensive guard,Kentucky
https://n.rivals.com/content/prospects/2018/justice-dingle-176843,"Bowling Green, KY",Justice Dingle,Inside linebacker,Georgia Tech
https://n.rivals.com/content/prospects/2018/cameron-rising-2365,"Newbury Park, CA",Cameron Rising,Pro-style quarterback,Texas
https://n.rivals.com/content/prospects/2018/nikko-remigio-159674,"Santa Ana, CA",Nikko Remigio,Wide Receiver,California
https://n.rivals.com/content/prospects/2018/steven-jones-179596,"Temecula, CA",Steven Jones,Offensive guard,Oregon
https://n.rivals.com/content/prospects/2018/micah-jones-1738,"Gurnee, IL",Micah Jones,Wide Receiver,Notre Dame
https://n.rivals.com/content/prospects/2018/jerome-carvin-180321,"Cordova, TN",Jerome Carvin,Offensive tackle,Tennessee
https://n.rivals.com/content/prospects/2018/tate-wildeman-185103,"Parker, CO",Tate Wildeman,Weakside defensive end,Nebraska
https://n.rivals.com/content/prospects/2018/seth-williams-166973,"Cottondale, AL",Seth Williams,Wide Receiver,Auburn
https://n.rivals.com/content/prospects/2018/tyquan-thornton-187204,"Miami, FL",Tyquan  Thornton,Wide Receiver,Baylor
https://n.rivals.com/content/prospects/2018/jovaughn-gwyn-182632,"Charlotte, NC",Jovaughn Gwyn,Offensive guard,South Carolina
https://n.rivals.com/content/prospects/2018/kayode-oladele-181304,"Hialeah, FL",Kayode Oladele,Strongside defensive end,Auburn
https://n.rivals.com/content/prospects/2018/jaycee-horn-185042,"Alpharetta, GA",Jaycee Horn,Cornerback,South Carolina
https://n.rivals.com/content/prospects/2018/thomas-booker-67288,"Baltimore, MD",Thomas Booker,Defensive tackle,Stanford
https://n.rivals.com/content/prospects/2018/christian-barmore-206637,"Philadelphia, PA",Christian Barmore,Defensive tackle,Alabama
https://n.rivals.com/content/prospects/2018/trenton-gillison-849,"Pickerington, OH",Trenton Gillison,Tight end,Michigan State
https://n.rivals.com/content/prospects/2018/verone-mckinley-iii-15643,"Carrollton, TX",Verone McKinley III,Cornerback,Oregon
https://n.rivals.com/content/prospects/2018/trent-gordon-56928,"Spring, TX",Trent Gordon,Safety,Penn State
https://n.rivals.com/content/prospects/2018/teair-tart-20366,"Scooba, MS",Teair Tart,Defensive tackle,Florida International
https://n.rivals.com/content/prospects/2018/kana-i-mauga-181617,"Waianae, HI",Kana'i Mauga,Outside linebacker,USC
https://n.rivals.com/content/prospects/2018/derion-kendrick-2311,"Rock Hill, SC",Derion Kendrick,Wide Receiver,Clemson
https://n.rivals.com/content/prospects/2018/jarren-williams-168700,"Lawrenceville, GA",Jarren Williams,Dual-threat quarterback,Miami (FL)
https://n.rivals.com/content/prospects/2018/jaelen-gill-841,"Westerville, OH",Jaelen Gill,All-purpose back,Ohio State
https://n.rivals.com/content/prospects/2018/greg-emerson-179798,"Jackson, TN",Greg Emerson,Strongside defensive end,Tennessee
https://n.rivals.com/content/prospects/2018/dallas-gant-846,"Toledo, OH",Dallas Gant,Outside linebacker,Ohio State
https://n.rivals.com/content/prospects/2018/manuel-allen-119512,"Moreno Valley, CA",Manuel Allen,Wide Receiver,Louisville
https://n.rivals.com/content/prospects/2018/talanoa-hufanga-40228,"Corvallis, OR",Talanoa Hufanga,Athlete,USC
https://n.rivals.com/content/prospects/2018/cameron-mcgrone-82726,"Indianapolis, IN",Cameron McGrone,Outside linebacker,Michigan
https://n.rivals.com/content/prospects/2018/jalen-green-11879,"Houston, TX",Jalen Green,Cornerback,Texas
https://n.rivals.com/content/prospects/2018/brey-walker-1456,"Moore, OK",Brey Walker,Offensive tackle,Oklahoma
https://n.rivals.com/content/prospects/2018/emil-ekiyor-4431,"Indianapolis, IN",Emil Ekiyor,Offensive guard,Alabama
https://n.rivals.com/content/prospects/2018/adrian-jackson-12419,"Denver, CO",Adrian Jackson,Outside linebacker,Oregon
https://n.rivals.com/content/prospects/2018/calvin-avery-13565,"Dallas, TX",Calvin Avery,Defensive tackle,Illinois
https://n.rivals.com/content/prospects/2018/dorian-thompson-robinson-2568,"Las Vegas, NV",Dorian Thompson-Robinson,Dual-threat quarterback,UCLA
https://n.rivals.com/content/prospects/2018/jacob-sirmon-7770,"Bothell, WA",Jacob Sirmon,Pro-style quarterback,Washington
https://n.rivals.com/content/prospects/2018/jalen-preston-6580,"Manvel, TX",Jalen Preston,Wide Receiver,Texas A&M
https://n.rivals.com/content/prospects/2018/daniel-george-899,"Fort Washington, MD",Daniel George,Wide Receiver,Penn State
https://n.rivals.com/content/prospects/2018/pat-freiermuth-147256,"Merrimac, MA",Pat Freiermuth,Tight end,Penn State
https://n.rivals.com/content/prospects/2018/jesse-luketa-90216,"Erie, PA",Jesse Luketa,Inside linebacker,Penn State
https://n.rivals.com/content/prospects/2018/keondre-coburn-60266,"Houston, TX",Keondre Coburn,Defensive tackle,Texas
https://n.rivals.com/content/prospects/2018/steve-stephens-58766,"Fresno, CA",Steve Stephens,Safety,Oregon
https://n.rivals.com/content/prospects/2018/aj-lytton-30769,"Upper Marlboro, MD",AJ Lytton,Cornerback,Florida State
https://n.rivals.com/content/prospects/2018/bryan-addison-180287,"Gardena, CA",Bryan Addison,Athlete,UCLA
https://n.rivals.com/content/prospects/2018/gilbert-frierson-26858,"Coral Gables, FL",Gilbert Frierson,Safety,Miami (FL)
https://n.rivals.com/content/prospects/2018/chris-collins-80165,"Richmond, VA",Chris Collins,Weakside defensive end,North Carolina
https://n.rivals.com/content/prospects/2018/will-mallory-6757,"Jacksonville, FL",Will Mallory,Tight end,Miami (FL)
https://n.rivals.com/content/prospects/2018/camren-mcdonald-40438,"Long Beach, CA",Camren McDonald,Tight end,Florida State
https://n.rivals.com/content/prospects/2018/joey-gatewood-5503,"Jacksonville, FL",Joey Gatewood,Dual-threat quarterback,Auburn
https://n.rivals.com/content/prospects/2018/jordan-davis-179822,"Memphis, TN",Jordan Davis,Weakside defensive end,Alabama
https://n.rivals.com/content/prospects/2018/otis-reese-170405,"Leesburg, GA",Otis Reese,Outside linebacker,Michigan
https://n.rivals.com/content/prospects/2018/malik-heath-40090,"Jackson, MS",Malik Heath,Wide Receiver,Mississippi State
https://n.rivals.com/content/prospects/2018/junior-angilau-181314,"Salt Lake City, UT",Junior Angilau,Offensive guard,Texas
https://n.rivals.com/content/prospects/2018/kyler-mcmichael-96083,"Norcross, GA",Kyler McMichael,Cornerback,Clemson
https://n.rivals.com/content/prospects/2018/hunter-lotulelei-181360,"Salt Lake City, UT",Hunter Lotulelei,Offensive guard,Utah
https://n.rivals.com/content/prospects/2018/k-vaughan-pope-20637,"Dinwiddie, VA",K'Vaughan Pope,Outside linebacker,Ohio State
https://n.rivals.com/content/prospects/2018/johnathan-huggins-183943,"Daytona Beach, FL",Johnathan Huggins,Safety,Florida
https://n.rivals.com/content/prospects/2018/demarcus-gregory-11663,"Duncan, SC",Demarcus Gregory,Wide Receiver,Mississippi
https://n.rivals.com/content/prospects/2018/dameon-pierce-62602,"Bainbridge, GA",Dameon Pierce,Running Back,Florida
https://n.rivals.com/content/prospects/2018/casey-thompson-986,"Newcastle, OK",Casey Thompson,Dual-threat quarterback,Texas
https://n.rivals.com/content/prospects/2018/darryle-simmons-13008,"Philadelphia, PA",Darryle Simmons,Wide Receiver,Virginia Tech
https://n.rivals.com/content/prospects/2018/jalen-redmond-180919,"Midwest City, OK",Jalen Redmond,Weakside defensive end,Oklahoma
https://n.rivals.com/content/prospects/2018/jaden-crumedy-185375,"Oak Grove, MS",Jaden Crumedy,Strongside defensive end,Mississippi State
https://n.rivals.com/content/prospects/2018/john-fitzpatrick-184760,"Atlanta, GA",John FitzPatrick,Tight end,Georgia
https://n.rivals.com/content/prospects/2018/chad-bailey-85811,"Missouri City, TX",Chad Bailey,Inside linebacker,Missouri
https://n.rivals.com/content/prospects/2018/kearis-jackson-171295,"Fort Valley, GA",Kearis Jackson,Wide Receiver,Georgia
https://n.rivals.com/content/prospects/2018/camron-johnson-3623,"Brentwood, TN",Camron Johnson,Wide Receiver,Vanderbilt
https://n.rivals.com/content/prospects/2018/starrland-baldwin-40126,"Cypress, TX",Starrland Baldwin,Cornerback,Oklahoma
https://n.rivals.com/content/prospects/2018/travez-moore-186198,"Wesson, MS",Travez Moore,Outside linebacker,LSU
https://n.rivals.com/content/prospects/2018/zakoby-mcclain-12717,"Valdosta, GA",Zakoby McClain,Outside linebacker,Auburn
https://n.rivals.com/content/prospects/2018/gemon-green-170704,"DeSoto, TX",Gemon Green,Cornerback,Michigan
https://n.rivals.com/content/prospects/2018/devonta-jason-2208,"New Orleans, LA",Devonta Jason,Wide Receiver,Mississippi State
https://n.rivals.com/content/prospects/2018/drue-jackson-4236,"Sachse, TX",Drue Jackson,Wide Receiver,Washington State
https://n.rivals.com/content/prospects/2018/jalen-mayden-2831,"Sachse, TX",Jalen Mayden,Dual-threat quarterback,Mississippi State
https://n.rivals.com/content/prospects/2018/eriq-gilyard-6228,"Jacksonville, FL",Eriq Gilyard,Inside linebacker,UCF
https://n.rivals.com/content/prospects/2018/david-reese-18276,"Vero Beach, FL",David Reese,Inside linebacker,Florida
https://n.rivals.com/content/prospects/2018/reuben-unije-51460,"Bradenton, FL",Reuben Unije,Offensive tackle,Illinois
https://n.rivals.com/content/prospects/2018/caleb-chapman-183032,"Friendswood, TX",Caleb Chapman,Wide Receiver,Texas A&M
https://n.rivals.com/content/prospects/2018/amari-gainer-17246,"Tallahassee, FL",Amari Gainer,Outside linebacker,Florida State
https://n.rivals.com/content/prospects/2018/damone-clark-181442,"Baton Rouge, LA",Damone Clark,Outside linebacker,LSU
https://n.rivals.com/content/prospects/2018/dallas-craddieth-7099,"Florissant, MO",Dallas Craddieth,Safety,Iowa
https://n.rivals.com/content/prospects/2018/tayland-humphrey-184500,"Hutchinson, KS",Tayland Humphrey,Defensive tackle,Florida International
https://n.rivals.com/content/prospects/2018/cameron-latu-181258,"Salt Lake City, UT",Cameron Latu,Weakside defensive end,Alabama
https://n.rivals.com/content/prospects/2018/chase-kline-182943,"Chardon, OH",Chase Kline,Outside linebacker,Michigan State
https://n.rivals.com/content/prospects/2018/xavier-henderson-2351,"Pickerington, OH",Xavier Henderson,Cornerback,Michigan State
https://n.rivals.com/content/prospects/2018/colson-yankoff-16797,"Coeur d'Alene, ID",Colson Yankoff,Dual-threat quarterback,Washington
https://n.rivals.com/content/prospects/2018/jahan-dotson-35,"Nazareth, PA",Jahan Dotson,Wide Receiver,Penn State
https://n.rivals.com/content/prospects/2018/isaiah-bolden-10210,"Zephyrhills, FL",Isaiah Bolden,Cornerback,Florida State
https://n.rivals.com/content/prospects/2018/justin-rogers-14079,"Bossier City, LA",Justin Rogers,Dual-threat quarterback,TCU
https://n.rivals.com/content/prospects/2018/greg-bell-195483,"Yuma, AZ",Greg Bell,Running Back,Nebraska
https://n.rivals.com/content/prospects/2018/george-takacs-181064,"Naples, FL",George Takacs,Tight end,Notre Dame
https://n.rivals.com/content/prospects/2018/alim-mcneill-182637,"Raleigh, NC",Alim McNeill,Defensive tackle,North Carolina State
https://n.rivals.com/content/prospects/2018/trey-hill-33887,"Warner Robins, GA",Trey Hill,Offensive guard,Georgia
https://n.rivals.com/content/prospects/2018/max-wray-2090,"Franklin, TN",Max Wray,Offensive tackle,Ohio State
https://n.rivals.com/content/prospects/2018/jeremy-ruckert-99633,"Lindenhurst, NY",Jeremy Ruckert,Tight end,Ohio State
https://n.rivals.com/content/prospects/2018/jordyn-adams-176728,"Cary, NC",Jordyn Adams,Wide Receiver,North Carolina
https://n.rivals.com/content/prospects/2018/micah-baskerville-47622,"Shreveport, LA",Micah Baskerville,Outside linebacker,LSU
https://n.rivals.com/content/prospects/2018/brenton-cox-172540,"Stockbridge, GA",Brenton Cox,Strongside defensive end,Georgia
https://n.rivals.com/content/prospects/2018/jack-lamb-138562,"Temecula, CA",Jack Lamb,Inside linebacker,Notre Dame
https://n.rivals.com/content/prospects/2018/d-shawn-jamison-171179,"Houston, TX",D'Shawn Jamison,Cornerback,Texas
https://n.rivals.com/content/prospects/2018/kalon-gervin-1132,"Detroit, MI",Kalon Gervin,Cornerback,Michigan State
https://n.rivals.com/content/prospects/2018/anthony-grant-11219,"Buford, GA",Anthony Grant,Athlete,Tennessee
https://n.rivals.com/content/prospects/2018/juice-scruggs-171815,"Erie, PA",Juice Scruggs,Offensive guard,Penn State
https://n.rivals.com/content/prospects/2018/matthew-jones-4624,"Brooklyn, NY",Matthew Jones,Offensive guard,Ohio State
https://n.rivals.com/content/prospects/2018/coynis-miller-181325,"Birmingham, AL",Coynis Miller,Defensive tackle,Auburn
https://n.rivals.com/content/prospects/2018/asante-samuel-2550,"Fort Lauderdale, FL",Asante Samuel,Cornerback,Florida State
https://n.rivals.com/content/prospects/2018/chandler-jones-171093,"Miami, FL",Chandler Jones,Cornerback,Louisville
https://n.rivals.com/content/prospects/2018/aeneas-hawkins-169800,"Cincinnati, OH",Aeneas Hawkins,Defensive tackle,Penn State
https://n.rivals.com/content/prospects/2018/chase-cota-5279,"Medford, OR",Chase Cota,Wide Receiver,UCLA
https://n.rivals.com/content/prospects/2018/brevin-jordan-7865,"Las Vegas, NV",Brevin Jordan,Tight end,Miami (FL)
https://n.rivals.com/content/prospects/2018/brian-hightower-1654,"Bradenton, FL",Brian Hightower,Wide Receiver,Miami (FL)
https://n.rivals.com/content/prospects/2018/camron-davis-10187,"Miami Gardens, FL",Camron Davis,Running Back,Miami (FL)
https://n.rivals.com/content/prospects/2018/kyle-pitts-180916,"Warminster, PA",Kyle Pitts,Tight end,Florida
https://n.rivals.com/content/prospects/2018/mustapha-muhammad-1701,"Missouri City, TX",Mustapha Muhammad,Tight end,Michigan
https://n.rivals.com/content/prospects/2018/stephon-wynn-6704,"Bradenton, FL",Stephon Wynn,Strongside defensive end,Alabama
https://n.rivals.com/content/prospects/2018/richard-gouraige-2053,"Tampa, FL",Richard Gouraige,Offensive tackle,Florida
https://n.rivals.com/content/prospects/2018/nesta-silvera-59880,"Plantation, FL",Nesta Silvera,Defensive tackle,Miami (FL)
https://n.rivals.com/content/prospects/2018/nikolas-bonitto-9676,"Fort Lauderdale, FL",Nikolas Bonitto,Outside linebacker,Oklahoma
https://n.rivals.com/content/prospects/2018/jordan-miner-32963,"Wesley Chapel, FL",Jordan Miner,Cornerback,Penn State
https://n.rivals.com/content/prospects/2018/kwantel-raines-160209,"Aliquippa, PA",Kwantel Raines,Safety,West Virginia
https://n.rivals.com/content/prospects/2018/dante-stills-3407,"Fairmont, WV",Dante Stills,Defensive tackle,West Virginia
https://n.rivals.com/content/prospects/2018/tj-banks-172296,"North Versailles, PA",TJ Banks,Tight end,West Virginia
https://n.rivals.com/content/prospects/2018/brevin-white-5519,"Lancaster, CA",Brevin White,Pro-style quarterback,Princeton
https://n.rivals.com/content/prospects/2018/devonte-wyatt-209752,"Hutchinson, KS",Devonte Wyatt,Defensive tackle,Georgia
https://n.rivals.com/content/prospects/2018/c-j-smith-172571,"West Palm Beach, FL",C.J. Smith,Safety,Nebraska
https://n.rivals.com/content/prospects/2018/asa-martin-11194,"Decatur, AL",Asa Martin,Running Back,Auburn
https://n.rivals.com/content/prospects/2018/mike-jones-jr-2899,"Bradenton, FL",Mike Jones Jr.,Outside linebacker,Clemson
https://n.rivals.com/content/prospects/2018/master-teague-166007,"Murfreesboro, TN",Master Teague,Running Back,Ohio State
https://n.rivals.com/content/prospects/2018/jalen-cunningham-185546,"Odenville, AL",Jalen Cunningham,Defensive tackle,Mississippi
https://n.rivals.com/content/prospects/2018/jaylon-robinson-181775,"Fort Worth, TX",Jaylon Robinson,Wide Receiver,Oklahoma
https://n.rivals.com/content/prospects/2018/chasen-hines-180379,"Marshall, TX",Chasen Hines,Offensive guard,LSU
https://n.rivals.com/content/prospects/2018/tj-bradley-195750,"Scranton, PA",TJ Bradley,Offensive tackle,Maryland
https://n.rivals.com/content/prospects/2018/tre-turner-25119,"Greensboro, NC",Tre Turner,Wide Receiver,Virginia Tech
https://n.rivals.com/content/prospects/2018/john-waggoner-172650,"West Des Moines, IA",John Waggoner,Strongside defensive end,Iowa
https://n.rivals.com/content/prospects/2018/stanley-garner-40568,"Fort Lauderdale, FL",Stanley Garner,Cornerback,Kentucky
https://n.rivals.com/content/prospects/2018/jalil-irvin-30999,"Stone Mountain, GA",Jalil Irvin,Offensive guard,Auburn
https://n.rivals.com/content/prospects/2018/spencer-petras-182773,"Kentfield, CA",Spencer Petras,Pro-style quarterback,Iowa
https://n.rivals.com/content/prospects/2018/davin-cotton-15612,"Shreveport, LA",Davin Cotton,Defensive tackle,LSU
https://n.rivals.com/content/prospects/2018/miguel-edwards-11005,"Deerfield Beach, FL",Miguel Edwards,Safety,Oklahoma
https://n.rivals.com/content/prospects/2018/kundarrius-taylor-185577,"Memphis, TN",Kundarrius Taylor,Wide Receiver,Oklahoma
https://n.rivals.com/content/prospects/2018/divaad-wilson-180679,"Miami, FL",Divaad Wilson,Cornerback,Georgia
https://n.rivals.com/content/prospects/2018/evan-gregory-6575,"Hyattsville, MD",Evan Gregory,Offensive tackle,Maryland
https://n.rivals.com/content/prospects/2018/austin-osborne-47188,"Mission Viejo, CA",Austin Osborne,Wide Receiver,Washington
https://n.rivals.com/content/prospects/2018/abdul-malik-mcclain-184411,"San Juan Capistrano, CA",Abdul-Malik McClain,Weakside defensive end,USC
https://n.rivals.com/content/prospects/2018/trenell-troutman-3549,"Fort Lauderdale, FL",Trenell Troutman,Safety,Louisville
https://n.rivals.com/content/prospects/2018/marcus-riley-67366,"Tallahassee, FL",Marcus Riley,Athlete,Louisville
https://n.rivals.com/content/prospects/2018/max-wright-3841,"Katy, TX",Max Wright,Strongside defensive end,Texas A&M
https://n.rivals.com/content/prospects/2018/anthony-mckinney-183691,"Council Bluffs, IA",Anthony McKinney,Offensive tackle,TCU
https://n.rivals.com/content/prospects/2018/kazmeir-allen-182778,"Tulare, CA",Kazmeir Allen,Running Back,UCLA
https://n.rivals.com/content/prospects/2018/brant-lawless-166446,"Nashville, TN",Brant Lawless,Defensive tackle,Tennessee
https://n.rivals.com/content/prospects/2018/dominick-anderson-183328,"Yuma, AZ",Dominick Anderson,Tight end,Tennessee
https://n.rivals.com/content/prospects/2018/michael-wilson-181777,"West Hills, CA",Michael Wilson,Wide Receiver,Stanford
https://n.rivals.com/content/prospects/2018/nadab-joseph-181216,"Miami, FL",Nadab Joseph,Cornerback,Georgia
https://n.rivals.com/content/prospects/2018/corione-harris-38484,"New Orleans, LA",Corione Harris,Cornerback,Kansas
https://n.rivals.com/content/prospects/2018/jace-ruder-181081,"Norton, KS",Jace Ruder,Dual-threat quarterback,North Carolina
https://n.rivals.com/content/prospects/2018/stephan-blaylock-69164,"Bellflower, CA",Stephan Blaylock,Cornerback,UCLA
https://n.rivals.com/content/prospects/2018/daquan-newkirk-181587,"Perkinston, MS",Daquan Newkirk,Strongside defensive end,Auburn
https://n.rivals.com/content/prospects/2018/antwuan-jackson-208636,"Brenham, TX",Antwuan Jackson,Defensive tackle,Ohio State
https://n.rivals.com/content/prospects/2018/markese-stepp-3219,"Indianapolis, IN",Markese Stepp,Running Back,USC
https://n.rivals.com/content/prospects/2018/shaun-shivers-10108,"Hollywood, FL",Shaun Shivers,All-purpose back,Auburn
https://n.rivals.com/content/prospects/2018/payton-wilson-180155,"Hillsborough, NC",Payton Wilson,Outside linebacker,North Carolina State
https://n.rivals.com/content/prospects/2018/azeez-ojulari-185656,"Marietta, GA",Azeez Ojulari,Weakside defensive end,Georgia
https://n.rivals.com/content/prospects/2018/josh-jobe-2540,"Cheshire, CT",Josh Jobe,Safety,Alabama
https://n.rivals.com/content/prospects/2018/justin-mascoll-3076,"Snellville, GA",Justin Mascoll,Weakside defensive end,Clemson
https://n.rivals.com/content/prospects/2018/shayne-simon-14013,"Jersey City, NJ",Shayne Simon,Outside linebacker,Notre Dame
https://n.rivals.com/content/prospects/2018/channing-tindall-182641,"Columbia, SC",Channing Tindall,Outside linebacker,Georgia
https://n.rivals.com/content/prospects/2018/jayson-ademilola-4218,"Jersey City, NJ",Jayson Ademilola,Defensive tackle,Notre Dame
https://n.rivals.com/content/prospects/2018/taron-vincent-3647,"Bradenton, FL",Taron Vincent,Defensive tackle,Ohio State
https://n.rivals.com/content/prospects/2018/d-marcus-adams-182383,"Daytona Beach, FL",D'Marcus Adams,Wide Receiver,Florida State
https://n.rivals.com/content/prospects/2018/josh-proctor-2942,"Owasso, OK",Josh Proctor,Safety,Ohio State
https://n.rivals.com/content/prospects/2018/ronnie-perkins-26455,"St. Louis, MO",Ronnie Perkins,Strongside defensive end,Oklahoma
https://n.rivals.com/content/prospects/2018/ron-tatum-126984,"Oklahoma City, OK",Ron Tatum,Strongside defensive end,Oklahoma
https://n.rivals.com/content/prospects/2018/t-j-pledger-2768,"Bradenton, FL",T.J. Pledger,Running Back,Oklahoma
https://n.rivals.com/content/prospects/2018/trey-lowe-180188,"Portland, OR",Trey Lowe,Wide Receiver,Washington
https://n.rivals.com/content/prospects/2018/bo-calvert-171057,"Westlake Village, CA",Bo Calvert,Outside linebacker,UCLA
https://n.rivals.com/content/prospects/2018/luke-ford-185238,"Carterville, IL",Luke Ford,Tight end,Georgia
https://n.rivals.com/content/prospects/2018/cole-blanton-26552,"Cypress, TX",Cole Blanton,Offensive tackle,Texas A&M
https://n.rivals.com/content/prospects/2018/cameron-jurgens-4173,"Beatrice, NE",Cameron Jurgens,Athlete,Nebraska
https://n.rivals.com/content/prospects/2018/emory-jones-2600,"Franklin, GA",Emory Jones,Dual-threat quarterback,Florida
https://n.rivals.com/content/prospects/2018/zack-kuntz-1787,"Camp Hill, PA",Zack Kuntz,Tight end,Penn State
https://n.rivals.com/content/prospects/2018/tyreke-smith-180099,"Cleveland Heights, OH",Tyreke Smith,Strongside defensive end,Ohio State
https://n.rivals.com/content/prospects/2018/keaontay-ingram-184490,"Carthage, TX",Keaontay Ingram,Running Back,Texas
https://n.rivals.com/content/prospects/2018/malcolm-epps-3444,"Spring, TX",Malcolm Epps,Tight end,Texas
https://n.rivals.com/content/prospects/2018/adrian-martinez-71251,"Fresno, CA",Adrian Martinez,Dual-threat quarterback,Nebraska
https://n.rivals.com/content/prospects/2018/gregory-rousseau-36731,"Hialeah, FL",Gregory Rousseau,Athlete,Miami (FL)
https://n.rivals.com/content/prospects/2018/gurvan-hall-35471,"West Palm Beach, FL",Gurvan Hall,Safety,Miami (FL)
https://n.rivals.com/content/prospects/2018/matthew-hill-24628,"Snellville, GA",Matthew Hill,Athlete,Auburn
https://n.rivals.com/content/prospects/2018/ricky-slade-2696,"Woodbridge, VA",Ricky Slade,All-purpose back,Penn State
https://n.rivals.com/content/prospects/2018/myles-sims-45895,"Atlanta, GA",Myles Sims,Cornerback,Michigan
https://n.rivals.com/content/prospects/2018/tommy-brown-44748,"Santa Ana, CA",Tommy Brown,Offensive tackle,Alabama
https://n.rivals.com/content/prospects/2018/verdis-brown-180751,"Bradenton, FL",Verdis Brown,Offensive center,Illinois
https://n.rivals.com/content/prospects/2018/robert-cooper-27812,"Snellville, GA",Robert Cooper,Defensive tackle,Florida State
https://n.rivals.com/content/prospects/2018/harold-joiner-179821,"Mountain Brook, AL",Harold Joiner,Athlete,Auburn
https://n.rivals.com/content/prospects/2018/spencer-webb-181376,"Sacramento, CA",Spencer Webb,Tight end,Oregon
https://n.rivals.com/content/prospects/2018/noah-boykin-181422,"Washington, DC",Noah Boykin,Cornerback,Maryland
https://n.rivals.com/content/prospects/2018/leddie-brown-3859,"Philadelphia, PA",Leddie Brown,Running Back,West Virginia
https://n.rivals.com/content/prospects/2018/d-andre-litaker-10009,"Murfreesboro, TN",D'Andre Litaker,Defensive tackle,Tennessee
https://n.rivals.com/content/prospects/2018/tuli-letuligasenoa-172293,"Concord, CA",Tuli Letuligasenoa,Defensive tackle,USC
https://n.rivals.com/content/prospects/2018/julius-brents-99687,"Indianapolis, IN",Julius Brents,Cornerback,Iowa
https://n.rivals.com/content/prospects/2018/trevor-trout-3705,"St. Louis, MO",Trevor Trout,Defensive tackle,USC
https://n.rivals.com/content/prospects/2018/stanley-hackett-58692,"Pasadena, TX",Stanley Hackett,Running Back,Baylor
https://n.rivals.com/content/prospects/2018/gabriel-douglas-182595,"Denton, TX",Gabriel Douglas,Wide Receiver,Texas Tech
https://n.rivals.com/content/prospects/2018/jordan-davis-37790,"Charlotte, NC",Jordan Davis,Defensive tackle,Georgia
https://n.rivals.com/content/prospects/2018/richard-jibunor-72900,"Athens, GA",Richard Jibunor,Athlete,Auburn
https://n.rivals.com/content/prospects/2018/warren-ericson-171817,"Suwanee, GA",Warren Ericson,Offensive guard,Georgia
https://n.rivals.com/content/prospects/2018/blue-smith-843,"Huber Heights, OH",Blue Smith,Wide Receiver,Ohio State
https://n.rivals.com/content/prospects/2018/christian-darrisaw-209745,"Fork Union, VA",Christian Darrisaw,Offensive tackle,Virginia Tech
https://n.rivals.com/content/prospects/2018/spencer-sanders-170688,"Denton, TX",Spencer Sanders,Dual-threat quarterback,Oklahoma State
https://n.rivals.com/content/prospects/2018/james-ohonba-180526,"Stockbridge, GA",James Ohonba,Offensive guard,Michigan State
https://n.rivals.com/content/prospects/2018/dyami-brown-171316,"Charlotte, NC",Dyami Brown,Wide Receiver,North Carolina
https://n.rivals.com/content/prospects/2018/bumper-pool-12789,"Lucas, TX",Bumper Pool,Inside linebacker,Arkansas
https://n.rivals.com/content/prospects/2018/kendall-williamson-182468,"Snellville, GA",Kendall Williamson,Cornerback,Stanford
https://n.rivals.com/content/prospects/2018/erik-ezukanma-182699,"Fort Worth, TX",Erik Ezukanma,Wide Receiver,Texas Tech
https://n.rivals.com/content/prospects/2018/kevin-austin-20876,"Coconut Creek, FL",Kevin Austin,Wide Receiver,Notre Dame
https://n.rivals.com/content/prospects/2018/brendon-harris-181253,"Chattanooga, TN",Brendon Harris,Safety,Vanderbilt
https://n.rivals.com/content/prospects/2018/chigozie-anusiem-187880,"La Habra, CA",Chigozie  Anusiem ,Cornerback,California
https://n.rivals.com/content/prospects/2018/demarcus-marshall-181203,"Grand Prairie, TX",Demarcus Marshall,Offensive guard,Texas Tech
https://n.rivals.com/content/prospects/2018/christopher-smith-1096,"Atlanta, GA",Christopher Smith,Cornerback,Georgia
https://n.rivals.com/content/prospects/2018/alan-tisdale-883,"Greensboro, NC",Alan Tisdale,Outside linebacker,Virginia Tech
https://n.rivals.com/content/prospects/2018/jack-tuttle-20392,"San Marcos, CA",Jack Tuttle,Pro-style quarterback,Utah
https://n.rivals.com/content/prospects/2018/badara-traore-72495,"Brooklyn, NY",Badara Traore,Offensive tackle,LSU
https://n.rivals.com/content/prospects/2018/jeremy-banks-189047,"Cordova, TN",Jeremy Banks,Running Back,Tennessee
https://n.rivals.com/content/prospects/2018/michael-penix-jr-12030,"Tampa, FL",Michael Penix Jr.,Pro-style quarterback,Indiana
https://n.rivals.com/content/prospects/2018/taye-barber-75043,"Cypress, TX",Taye Barber,Athlete,TCU
https://n.rivals.com/content/prospects/2018/chase-williams-17329,"Corona, CA",Chase Williams,Athlete,USC
https://n.rivals.com/content/prospects/2018/marquis-spiker-12299,"Murrieta, CA",Marquis Spiker,Wide Receiver,Washington
https://n.rivals.com/content/prospects/2018/kyler-gordon-181437,"Everett, WA",Kyler Gordon,Cornerback,Washington
https://n.rivals.com/content/prospects/2018/james-graham-170967,"Fitzgerald, GA",James Graham,Athlete,Georgia Tech
https://n.rivals.com/content/prospects/2018/mikey-grandy-209056,"San Mateo, CA",Mikey Grandy,Offensive tackle,Texas
https://n.rivals.com/content/prospects/2018/caleb-tremblay-190891,"Sacramento, CA",Caleb Tremblay,Defensive tackle,USC
https://n.rivals.com/content/prospects/2018/braden-lenzy-53935,"Portland, OR",Braden Lenzy,Athlete,Notre Dame
https://n.rivals.com/content/prospects/2018/dakereon-joyner-2034,"North Charleston, SC",Dakereon Joyner,Dual-threat quarterback,South Carolina
https://n.rivals.com/content/prospects/2018/phil-jurkovec-1873,"Gibsonia, PA",Phil Jurkovec,Dual-threat quarterback,Notre Dame
https://n.rivals.com/content/prospects/2018/derrik-allen-5191,"Marietta, GA",Derrik Allen,Safety,Notre Dame
https://n.rivals.com/content/prospects/2018/jalyn-armour-davis-4397,"Mobile, AL",Jalyn Armour-Davis,Cornerback,Alabama
https://n.rivals.com/content/prospects/2018/christian-tutt-3613,"Thomson, GA",Christian Tutt,Cornerback,Auburn
https://n.rivals.com/content/prospects/2018/ricky-person-606,"Wake Forest, NC",Ricky Person,All-purpose back,North Carolina State
https://n.rivals.com/content/prospects/2018/nana-asiedu-35080,"Stafford, VA",Nana Asiedu,Offensive tackle,Penn State
https://n.rivals.com/content/prospects/2018/matt-corral-11036,"Long Beach, CA",Matt Corral,Pro-style quarterback,Mississippi
https://n.rivals.com/content/prospects/2018/brennan-eagles-10215,"Houston, TX",Brennan Eagles,Wide Receiver,Texas
https://n.rivals.com/content/prospects/2018/justin-dedich-180705,"Temecula, CA",Justin Dedich,Offensive center,USC
https://n.rivals.com/content/prospects/2018/brandon-kaho-83879,"Reno, NV",Brandon Kaho,Outside linebacker,Washington
https://n.rivals.com/content/prospects/2018/kamryn-babb-673,"St. Louis, MO",Kamryn Babb,Wide Receiver,Ohio State
https://n.rivals.com/content/prospects/2018/luke-matthews-71381,"Missouri City, TX",Luke Matthews,Offensive guard,Texas A&M
https://n.rivals.com/content/prospects/2018/draco-bynum-182581,"Wilsonville, OR",Draco Bynum,Strongside defensive end,Washington
https://n.rivals.com/content/prospects/2018/al-vonte-woodard-10216,"Houston, TX",Al'Vonte Woodard,Wide Receiver,Texas
https://n.rivals.com/content/prospects/2018/b-j-foster-2062,"Angleton, TX",B.J. Foster,Safety,Texas
https://n.rivals.com/content/prospects/2018/brian-snead-3871,"Seffner, FL",Brian Snead,Running Back,Ohio State
https://n.rivals.com/content/prospects/2018/daniel-faalele-182423,"Bradenton, FL",Daniel Faalele,Offensive tackle,Minnesota
https://n.rivals.com/content/prospects/2018/curtis-dunlap-12235,"Bradenton, FL",Curtis Dunlap,Offensive guard,Minnesota
https://n.rivals.com/content/prospects/2018/xavier-peters-185675,"West Chester, OH",Xavier Peters,Outside linebacker,Kentucky
https://n.rivals.com/content/prospects/2018/austin-fontaine-3651,"Hyattsville, MD",Austin Fontaine,Defensive tackle,Maryland
https://n.rivals.com/content/prospects/2018/delone-scaife-17993,"Miami, FL",Delone Scaife,Offensive tackle,Miami (FL)
https://n.rivals.com/content/prospects/2018/cleveland-reed-25786,"Fort Meade, FL",Cleveland Reed,Offensive tackle,Miami (FL)
https://n.rivals.com/content/prospects/2018/john-campbell-180934,"Orlando, FL",John Campbell,Offensive tackle,Miami (FL)
https://n.rivals.com/content/prospects/2018/houston-griffith-1504,"Bradenton, FL",Houston Griffith,Safety,Notre Dame
https://n.rivals.com/content/prospects/2018/jayson-oweh-185620,"Howell, NJ",Jayson Oweh,Strongside defensive end,Penn State
https://n.rivals.com/content/prospects/2018/jack-west-2868,"Saraland, AL",Jack West,Pro-style quarterback,Stanford
https://n.rivals.com/content/prospects/2018/pj-mustipher-3649,"Owings Mills, MD",PJ Mustipher,Defensive tackle,Penn State
https://n.rivals.com/content/prospects/2018/quay-walker-181453,"Cordele, GA",Quay Walker,Outside linebacker,Alabama
https://n.rivals.com/content/prospects/2018/michael-harris-183533,"Tucker, GA",Michael Harris,Inside linebacker,Auburn
https://n.rivals.com/content/prospects/2018/adam-anderson-49953,"Rome, GA",Adam Anderson,Weakside defensive end,Georgia
https://n.rivals.com/content/prospects/2018/palaie-gaoteote-9815,"Las Vegas, NV",Palaie Gaoteote,Outside linebacker,USC
https://n.rivals.com/content/prospects/2018/anthony-cook-70448,"Houston, TX",Anthony Cook,Cornerback,Texas
https://n.rivals.com/content/prospects/2018/teradja-mitchell-1866,"Virginia Beach, VA",Teradja Mitchell,Inside linebacker,Ohio State
https://n.rivals.com/content/prospects/2018/terrace-marshall-jr-17326,"Bossier City, LA",Terrace Marshall Jr.,Wide Receiver,LSU
https://n.rivals.com/content/prospects/2018/justin-fields-99343,"Kennesaw, GA",Justin Fields,Dual-threat quarterback,Georgia
https://n.rivals.com/content/prospects/2018/micah-parsons-1868,"Harrisburg, PA",Micah Parsons,Outside linebacker,Penn State
https://n.rivals.com/content/prospects/2018/zamir-white-2802,"Laurinburg, NC",Zamir White,Running Back,Georgia
https://n.rivals.com/content/prospects/2018/jackson-carman-848,"Fairfield, OH",Jackson Carman,Offensive tackle,Clemson
https://n.rivals.com/content/prospects/2018/amon-ra-st-brown-10185,"Santa Ana, CA",Amon-Ra St. Brown,Wide Receiver,USC
https://n.rivals.com/content/prospects/2018/tyreke-johnson-6347,"Jacksonville, FL",Tyreke Johnson,Safety,Ohio State
https://n.rivals.com/content/prospects/2018/eyabi-anoma-182789,"Baltimore, MD",Eyabi Anoma,Weakside defensive end,Alabama
https://n.rivals.com/content/prospects/2018/lorenzo-lingard-4806,"Orange City, FL",Lorenzo Lingard,Running Back,Miami (FL)
https://n.rivals.com/content/prospects/2018/james-cook-1241,"Miami, FL",James Cook,All-purpose back,Georgia
https://n.rivals.com/content/prospects/2018/xavier-thomas-3332,"Bradenton, FL",Xavier Thomas,Strongside defensive end,Clemson
https://n.rivals.com/content/prospects/2018/brendan-radley-hiles-12454,"Bradenton, FL",Brendan Radley-Hiles,Cornerback,Oklahoma
https://n.rivals.com/content/prospects/2018/mark-pope-44571,"Miami, FL",Mark Pope,Wide Receiver,Miami (FL)
https://n.rivals.com/content/prospects/2018/k-j-henry-10270,"Clemmons, NC",K.J. Henry,Weakside defensive end,Clemson
https://n.rivals.com/content/prospects/2018/cade-mays-4986,"Knoxville, TN",Cade Mays,Offensive tackle,Georgia
https://n.rivals.com/content/prospects/2018/trevor-lawrence-1731,"Cartersville, GA",Trevor Lawrence,Pro-style quarterback,Clemson
https://n.rivals.com/content/prospects/2018/jamaree-salyer-19826,"Atlanta, GA",Jamaree Salyer,Offensive guard,Georgia
https://n.rivals.com/content/prospects/2018/jaiden-woodbey-9840,"Bellflower, CA",Jaiden Woodbey,Safety,Florida State
