https://n.rivals.com/content/prospects/2018/amir-brummett-186055,2018,2,Northern Illinois,Eastern Illinois,Illinois State,South Dakota
https://n.rivals.com/content/prospects/2018/rich-hall-186823,2018,2,Akron,Alabama State,Duquesne,Florida Atlantic
https://n.rivals.com/content/prospects/2018/markeith-montgomery-187368,2018,2,Kennesaw State,Air Force,Army,Central Michigan,Citadel,Jacksonville,Mercer,Navy,Wofford
https://n.rivals.com/content/prospects/2018/kashan-griffin-187567,2018,2,Nevada,Arizona State
https://n.rivals.com/content/prospects/2018/connor-parks-188673,2018,2,Purdue,Bowling Green,Coastal Carolina,Colorado State,Florida Atlantic,Southern Miss,Troy
https://n.rivals.com/content/prospects/2018/antwain-walker-189640,2018,2,Illinois,Illinois State,North Dakota State,South Dakota State
https://n.rivals.com/content/prospects/2018/jack-freeman-190581,2018,2,Houston,Northwestern Oklahoma State,Southeastern Oklahoma State
https://n.rivals.com/content/prospects/2018/nathaniel-vaughn-192370,2018,2,Nevada
https://n.rivals.com/content/prospects/2018/john-tessitore-194214,2018,2,Boston College
https://n.rivals.com/content/prospects/2018/adarius-mcwilliams-195415,2018,2,UAB,Appalachian State,Central Arkansas,Kent State,McNeese State,North Carolina Central
https://n.rivals.com/content/prospects/2018/jireh-wilson-198998,2018,2,East Carolina,Charlotte,Old Dominion,Vanderbilt
https://n.rivals.com/content/prospects/2018/chris-manoa-203230,2018,2,UNLV,Idaho,Montana,New Mexico State,Northern Arizona
https://n.rivals.com/content/prospects/2018/cole-caterbone-203533,2018,2,Army,Cincinnati,East Carolina,Iowa,Lafayette,Rutgers
https://n.rivals.com/content/prospects/2018/jordan-redfearn-204606,2018,2,North Texas,Southwestern Oklahoma,Stephen F. Austin
https://n.rivals.com/content/prospects/2018/casey-bauman-206817,2018,2,Montana State,Idaho
https://n.rivals.com/content/prospects/2018/heron-maurisseau-206642,2018,2,Connecticut
https://n.rivals.com/content/prospects/2018/marcellus-johnson-206652,2018,2,Eastern Michigan,Indiana State,Missouri State,North Dakota,Wyoming
https://n.rivals.com/content/prospects/2018/chris-clark-206502,2018,2,Memphis,Alcorn State,Austin Peay,Middle Tennessee State,Tennessee State
https://n.rivals.com/content/prospects/2018/kai-kaneshiro-207425,2018,2,Hawaii
https://n.rivals.com/content/prospects/2018/courtney-ogilvie-207622,2018,2,Navy,Delta State
https://n.rivals.com/content/prospects/2018/tyler-days-206959,2018,2,Boston College
https://n.rivals.com/content/prospects/2018/daizion-carroll-207992,2018,2,North Texas
https://n.rivals.com/content/prospects/2018/cole-brown-207994,2018,2,North Texas
https://n.rivals.com/content/prospects/2018/clay-servin-207996,2018,2,Rice,Harvard,Yale
https://n.rivals.com/content/prospects/2018/denzel-washington-208110,2018,2,Southern Miss,Louisiana-Monroe
https://n.rivals.com/content/prospects/2018/francis-bemiy-207744,2018,2,Connecticut,Florida Atlantic,New Mexico
https://n.rivals.com/content/prospects/2018/jeremy-moussa-182894,2018,2,Hawaii,Dartmouth,Nevada,San Jose State,UC Davis
https://n.rivals.com/content/prospects/2018/adam-korsak-208295,2018,2,Rutgers
https://n.rivals.com/content/prospects/2018/samuel-dixon-79367,2018,2,Navy
https://n.rivals.com/content/prospects/2018/grant-misch-194744,2018,2,Virginia,Air Force,Army,Charlotte,Maryland,Navy,Princeton,Purdue,Richmond,Rutgers,Temple,Wake Forest,Yale
https://n.rivals.com/content/prospects/2018/ethan-bonner-186081,2018,2,Stanford,Dartmouth,Iowa State,Louisiana Tech,New Mexico,Northwestern,Princeton,Texas-San Antonio,Tulsa,Washington State,Yale
https://n.rivals.com/content/prospects/2018/ty-rhae-gibson-180458,2018,2,Montana State,Idaho,San Jose State
https://n.rivals.com/content/prospects/2018/cary-enos-184730,2018,2,Morehead State,Coastal Carolina,Willamette
https://n.rivals.com/content/prospects/2018/calvin-jackson-jr-187160,2018,2,Washington State,Colorado State
https://n.rivals.com/content/prospects/2018/jeffrey-rose-184595,2018,2,Stephen F. Austin,Central Arkansas
https://n.rivals.com/content/prospects/2018/matt-palmer-180502,2018,2,Delaware,Army,Bucknell,Buffalo,Holy Cross,Navy,Rutgers
https://n.rivals.com/content/prospects/2018/jahlil-ryles-183249,2018,2,Middle Tennessee State,Alabama State,Connecticut,Jacksonville State,Mercer,Presbyterian,Samford,Southern Miss,Troy
https://n.rivals.com/content/prospects/2018/sherod-white-188336,2018,2,Montana State,Howard,Idaho,New Mexico
https://n.rivals.com/content/prospects/2018/mosiah-liu-204791,2018,2,Utah,Boise State,Montana State,Utah State,Wyoming
https://n.rivals.com/content/prospects/2018/james-williams-71475,2018,2,Montana State,Air Force,Army,Oklahoma Baptist
https://n.rivals.com/content/prospects/2018/james-thomas-186411,2018,2,Colorado State,Army,Brown,Columbia,Fresno State,Harvard,Hawaii,Nevada,San Jose State,UNLV,Yale
https://n.rivals.com/content/prospects/2018/zach-banks-85087,2018,2,New Hampshire
https://n.rivals.com/content/prospects/2018/donovan-marshall-159670,2018,2,Arkansas State,Army,Ball State,Bowling Green,Central Michigan,Dartmouth,Harvard,Iowa State,Minnesota,Navy,New Mexico,Northern Illinois,Northern Iowa,Princeton,Purdue,South Dakota,Southeast Missouri State,Syracuse,Vanderbilt,Western Michigan,Wyoming,Yale
https://n.rivals.com/content/prospects/2018/jayden-reed-192193,2018,2,Western Michigan,Central Michigan,Miami (OH),Toledo
https://n.rivals.com/content/prospects/2018/jacob-cassidy-201829,2018,2,Marshall,Morehead State
https://n.rivals.com/content/prospects/2018/elijah-ratliff-186115,2018,2,Marshall,Akron,Bowling Green,Kent State,Miami (OH),Ohio,Toledo
https://n.rivals.com/content/prospects/2018/isaiah-duncan-206821,2018,2,Marshall
https://n.rivals.com/content/prospects/2018/quindell-johnson-206686,2018,2,Memphis,Houston,Purdue
https://n.rivals.com/content/prospects/2018/chris-hunter-208391,2018,2,Army,Elon,Morgan State
https://n.rivals.com/content/prospects/2018/ricky-travis-181416,2018,2,Grambling State,Arkansas-Pine Bluff,Jackson State,Louisiana-Lafayette,Louisiana-Monroe,Louisiana Tech,Southern Miss
https://n.rivals.com/content/prospects/2018/taj-bickham-51427,2018,2,Texas State,Air Force,Arkansas-Pine Bluff,Navy,Prairie View A&M,Stephen F. Austin
https://n.rivals.com/content/prospects/2018/teja-young-194043,2018,2,Colorado State,East Carolina,Glenville State,Illinois,Pittsburgh,Syracuse
https://n.rivals.com/content/prospects/2018/ben-sutton-192529,2018,2,Tulsa,Arizona State,Cincinnati,Louisiana-Monroe,New Mexico,North Dakota,Prairie View A&M,Sam Houston State
https://n.rivals.com/content/prospects/2018/timothy-kater-59147,2018,2,Army,Delaware State,Howard,Morgan State
https://n.rivals.com/content/prospects/2018/russell-brown-185022,2018,2,Western Kentucky,Appalachian State,Central Michigan,Kansas,Liberty,South Carolina,South Florida
https://n.rivals.com/content/prospects/2018/nick-mihalic-208107,2018,2,Western Michigan,Air Force
https://n.rivals.com/content/prospects/2018/kevon-jones-186442,2018,2,Connecticut,Boston College
https://n.rivals.com/content/prospects/2018/jordan-morrison-207728,2018,2,Connecticut,Air Force,Army,Delaware,Kent State,Monmouth,Morgan State,Navy,New Hampshire,Temple,Virginia
https://n.rivals.com/content/prospects/2018/shamel-lazarus-183948,2018,2,Connecticut,Buffalo,Kent State,Purdue,Rutgers
https://n.rivals.com/content/prospects/2018/kessawn-abraham-186281,2018,2,Rutgers,Stony Brook
https://n.rivals.com/content/prospects/2018/deion-jennings-195811,2018,2,Rutgers,Bryant,Delaware,Delaware State,Howard,Monmouth,New Hampshire,Robert Morris,Temple,Western Michigan
https://n.rivals.com/content/prospects/2018/markus-martin-106651,2018,2,Jackson State,Kansas
https://n.rivals.com/content/prospects/2018/taeveon-le-181665,2018,2,Harvard,Boise State,Brigham Young,Colorado State,Columbia,Hawaii,Iowa State,Pennsylvania,Princeton,UC Davis,UNLV,Utah State,Yale
https://n.rivals.com/content/prospects/2018/harrison-jump-206518,2018,2,Georgia Tech,Fordham,Marshall,Mercer,Samford,Western Carolina
https://n.rivals.com/content/prospects/2018/logan-kleinhans-209136,2018,2,Montana State
https://n.rivals.com/content/prospects/2018/dylan-brady-209135,2018,2,Brown
https://n.rivals.com/content/prospects/2018/willie-drew-197094,2018,2,James Madison,Coastal Carolina,Liberty,Marshall,Old Dominion,Temple,Virginia,Virginia Union
https://n.rivals.com/content/prospects/2018/tevita-fotu-184473,2018,2,Utah,Brigham Young
https://n.rivals.com/content/prospects/2018/emany-johnson-189635,2018,2,Nevada,Montana,New Mexico,San Jose State,Utah State,Wyoming
https://n.rivals.com/content/prospects/2018/chris-heiskell-209254,2018,2,Louisiana-Lafayette
https://n.rivals.com/content/prospects/2018/brandon-joseph-183783,2018,2,Georgia State,South Florida,Troy
https://n.rivals.com/content/prospects/2018/matae-thomas-196217,2018,2,Indiana State
https://n.rivals.com/content/prospects/2018/trey-lance-182061,2018,2,North Dakota State,Air Force,Columbia,Cornell,Northern Illinois,Northern Iowa,South Dakota State
https://n.rivals.com/content/prospects/2018/emmett-mcnamara-195519,2018,2,Virginia,Buffalo,Columbia,Cornell,Dartmouth,Harvard,Pennsylvania,Temple,UCF,Western Michigan,Yale
https://n.rivals.com/content/prospects/2018/christian-izien-201264,2018,2,Rutgers,Florida Atlantic,Fordham,Sacred Heart
https://n.rivals.com/content/prospects/2018/cam-blakely-180295,2018,2,Miami (OH),Austin Peay,Chattanooga,Western Carolina
https://n.rivals.com/content/prospects/2018/blake-c-carette-182031,2018,2,Air Force,Idaho,Indiana State,Montana State,North Dakota,Northern Colorado,South Dakota,Weber State
https://n.rivals.com/content/prospects/2018/isaiah-mursalat-188307,2018,2,New Mexico State,Nevada
https://n.rivals.com/content/prospects/2018/john-ruffin-200806,2018,2,New Mexico,Nevada
https://n.rivals.com/content/prospects/2018/frank-crum-209408,2018,2,Wyoming
https://n.rivals.com/content/prospects/2018/johnathan-phenix-206744,2018,2,Houston,Incarnate Word
https://n.rivals.com/content/prospects/2018/bartek-rybka-1867,2018,2,Army,Akron,Cornell,Georgetown,Harvard,Princeton,Rutgers,Yale
https://n.rivals.com/content/prospects/2018/vada-king-202488,2018,2,North Texas,Arkansas State,Austin Peay,Central Arkansas,Delta State,Marshall,Middle Tennessee State,Nicholls State,North Alabama,Southern Miss,Troy
https://n.rivals.com/content/prospects/2018/ronell-burbank-186210,2018,2,McNeese State,Alcorn State,Houston Baptist,Idaho,Jackson State,Southern University
https://n.rivals.com/content/prospects/2018/john-graves-47865,2018,2,Texas Tech,Colorado State,Jackson State,Memphis,New Mexico State,Texas-San Antonio
https://n.rivals.com/content/prospects/2018/colby-suits-182713,2018,2,Louisiana-Monroe,Howard
https://n.rivals.com/content/prospects/2018/brad-papez-30066,2018,2,Bowling Green,Arkansas State,Army,Central Michigan,Cincinnati,Eastern Kentucky,Holy Cross,Illinois State,Indiana State,Northern Illinois,Northern Iowa,Ohio,South Dakota State,Southeast Missouri State,Southern Illinois,Tennessee-Martin,Western Illinois
https://n.rivals.com/content/prospects/2018/ryan-selig-186214,2018,2,Western Michigan,Illinois State,Western Illinois
https://n.rivals.com/content/prospects/2018/john-paddock-206611,2018,2,Ball State,Southern Illinois
https://n.rivals.com/content/prospects/2018/troy-nachtigal-207804,2018,2,Army
https://n.rivals.com/content/prospects/2018/alex-faulkner-207236,2018,2,Army,Air Force
https://n.rivals.com/content/prospects/2018/j-d-harris-80845,2018,2,Northern Illinois
https://n.rivals.com/content/prospects/2018/devonte-lee-26305,2018,2,Nevada,Abilene Christian,Central Michigan,Grambling State,Liberty,Montana,Navy,North Texas,South Dakota State
https://n.rivals.com/content/prospects/2018/javian-hawkins-182562,2018,2,Louisville,Bethune-Cookman,Boston College,Cincinnati,Coastal Carolina,Connecticut,East Carolina,Florida Atlantic,Georgia Southern,Missouri,Rhode Island,Syracuse,Temple,Toledo,UCF,Valdosta State
https://n.rivals.com/content/prospects/2018/keilon-elder-24259,2018,2,Grambling State,Arkansas-Monticello,Cornell
https://n.rivals.com/content/prospects/2018/kilifi-leaaetoa-176844,2018,2,Fresno State,Hawaii,Idaho,Montana State,Nevada,Sacramento State,San Jose State,Utah State
https://n.rivals.com/content/prospects/2018/jaret-pallotta-183666,2018,2,Massachusetts,Western Kentucky
https://n.rivals.com/content/prospects/2018/nick-hampton-208145,2018,2,Appalachian State,Charleston Southern,Citadel,Elon,Georgia State,Miami (OH),Middle Tennessee State,Troy,Wofford
https://n.rivals.com/content/prospects/2018/hassan-haskins-57226,2018,2,Michigan,Eastern Michigan,Illinois State,Indiana State,Memphis,Missouri State,New Mexico,Northern Iowa,Ohio,Purdue,Southeast Missouri State,Southern Illinois,Western Kentucky,Wyoming
https://n.rivals.com/content/prospects/2018/chatarius-atwell-21079,2018,2,Louisville,Florida Atlantic,Florida International,Illinois,Marshall,New Mexico,Northern Colorado,South Florida
https://n.rivals.com/content/prospects/2018/dalton-widner-185629,2018,2,Charlotte,Navy
https://n.rivals.com/content/prospects/2018/corey-dunn-200824,2018,2,Iowa State
https://n.rivals.com/content/prospects/2018/vincent-fonte-183998,2018,2,Akron,Bowling Green,Buffalo,Eastern Kentucky,Kent State
https://n.rivals.com/content/prospects/2018/eric-stoxstill-diggs-65339,2018,2,Cornell
https://n.rivals.com/content/prospects/2018/jesus-gibbs-186259,2018,2,South Carolina,Appalachian State,Charlotte,Columbia,Dartmouth,East Carolina,Harvard,Indiana,Kansas,Liberty,Navy,North Carolina State,Old Dominion,Pennsylvania,Princeton,Syracuse,Temple,Vanderbilt,Virginia,Wake Forest,Yale
https://n.rivals.com/content/prospects/2018/trumane-bell-185359,2018,2,Texas-San Antonio,Army,Bowling Green,Central Arkansas,Houston Baptist,Incarnate Word,Indiana State,Liberty,Louisiana-Monroe,Massachusetts,McNeese State,Morgan State,New Mexico State,Northern Illinois,North Texas,Sam Houston State,South Dakota,Stephen F. Austin,Texas Southern,Texas State
https://n.rivals.com/content/prospects/2018/austin-ogunmakin-193354,2018,2,North Texas,Louisiana-Lafayette,Northwestern State,Texas State
https://n.rivals.com/content/prospects/2018/jack-burns-205263,2018,2,Cornell,Air Force
https://n.rivals.com/content/prospects/2018/logan-doublin-109089,2018,2,Appalachian State,Bowling Green,Marshall
https://n.rivals.com/content/prospects/2018/josh-oglesby-19119,2018,2,Brigham Young
https://n.rivals.com/content/prospects/2018/jordan-byrd-48170,2018,2,San Diego State,Arizona,New Mexico,TCU,Texas Tech,Utah,Utah State
https://n.rivals.com/content/prospects/2018/dabarre-jenkins-49022,2018,2,Florida Atlantic,Iowa State,Ohio,Southern Miss
https://n.rivals.com/content/prospects/2018/logan-giordano-63739,2018,2,Eastern Michigan,Miami (OH),Ohio
https://n.rivals.com/content/prospects/2018/oneil-robinson-64488,2018,2,Connecticut,Army,Central Connecticut State,Sacred Heart
https://n.rivals.com/content/prospects/2018/dantrieze-scott-69527,2018,2,LSU,Grambling State,Louisiana-Lafayette,Louisiana Tech,Mississippi State
https://n.rivals.com/content/prospects/2018/tye-evans-83126,2018,2,Ball State
https://n.rivals.com/content/prospects/2018/roscoe-jones-iii-73071,2018,2,Sam Houston State,McNeese State
https://n.rivals.com/content/prospects/2018/arthur-brathwaite-179801,2018,2,Western Kentucky,Appalachian State,Bowling Green,Colorado State,East Carolina,Florida Atlantic,Georgia State,Mississippi State,Ohio,Southern Miss,Tulane,UAB,UCF,Western Michigan
https://n.rivals.com/content/prospects/2018/nathan-walker-181312,2018,2,Wofford
https://n.rivals.com/content/prospects/2018/antonio-colclough-181860,2018,2,Temple
https://n.rivals.com/content/prospects/2018/kason-martin-181925,2018,2,North Texas
https://n.rivals.com/content/prospects/2018/gerald-jackson-184217,2018,2,South Florida,Bethune-Cookman,Marshall
https://n.rivals.com/content/prospects/2018/alex-morgan-183743,2018,2,Toledo,Ball State,Bowling Green,Elon,Kent State,Youngstown State
https://n.rivals.com/content/prospects/2018/davon-harris-183792,2018,2,Louisiana Tech,Arkansas State,Army,Jackson State,Louisiana-Lafayette,Louisiana-Monroe,Memphis,Nicholls State,Northwestern State,San Diego State,Stephen F. Austin,Tulane
https://n.rivals.com/content/prospects/2018/alec-burton-184641,2018,2,Ohio,Ball State,Indiana State,Southern Illinois
https://n.rivals.com/content/prospects/2018/peter-rooney-184635,2018,2,Connecticut,Appalachian State,Cornell,Florida Atlantic,Georgia Southern,Georgia State,Holy Cross,Mercer,Penn
https://n.rivals.com/content/prospects/2018/keyon-helton-184795,2018,2,South Florida,Appalachian State,Cincinnati,Florida A&M,Florida International,Georgia State,Kent State,Louisiana-Lafayette,McNeese State,North Carolina Central,Purdue,Samford,South Alabama,Southern Miss,Western Carolina,Western Kentucky
https://n.rivals.com/content/prospects/2018/queneil-morrison-185416,2018,2,Northern Illinois,Bowling Green,Toledo
https://n.rivals.com/content/prospects/2018/jack-sullivan-186054,2018,2,Purdue
https://n.rivals.com/content/prospects/2018/jabari-johnson-186234,2018,2,Louisiana-Monroe
https://n.rivals.com/content/prospects/2018/dante-carter-186235,2018,2,Nicholls State,Arkansas State,Houston Baptist,Howard,Idaho,Jackson State,McNeese State,Northern Colorado,Southeastern Louisiana,Southeast Missouri State,Southern University,Texas State
https://n.rivals.com/content/prospects/2018/kemon-smith-186142,2018,2,Southern Methodist,Colorado State,Houston,Kansas,Louisiana-Lafayette,Memphis,North Carolina State,South Alabama,Southern Miss,Texas-San Antonio,Tulane
https://n.rivals.com/content/prospects/2018/ron-hardge-186177,2018,2,Illinois,Albany,Arkansas State,Florida Atlantic,Florida International,Georgia State,Indiana,Kansas,Mississippi State,North Carolina State,Pittsburgh,Rutgers,South Florida,Temple,Toledo,Western Kentucky,Youngstown State
https://n.rivals.com/content/prospects/2018/jaden-dedman-186185,2018,2,Nevada,Hawaii,Montana,San Jose State
https://n.rivals.com/content/prospects/2018/cameron-murray-186358,2018,2,Wyoming
https://n.rivals.com/content/prospects/2018/lavel-dumont-186735,2018,2,Toledo,Appalachian State,Arkansas State,Bethune-Cookman,Central Michigan,Florida A&M,Georgia Southern,Georgia State,Marshall,Massachusetts,McNeese State,Middle Tennessee State,Tulane,Western Illinois,Western Kentucky
https://n.rivals.com/content/prospects/2018/stephen-lewerenz-186663,2018,2,Tulane,Davidson,Liberty,Mercer,Middle Tennessee State,Murray State,Samford,Stetson
https://n.rivals.com/content/prospects/2018/bryce-shaw-190400,2018,2,Navy
https://n.rivals.com/content/prospects/2018/devin-leacock-191246,2018,2,South Florida,Appalachian State,Eastern Michigan,Marshall,Massachusetts,McNeese State,South Dakota
https://n.rivals.com/content/prospects/2018/cortez-hogans-191937,2018,2,Northern Illinois,Eastern Kentucky,Illinois State,Indiana State,North Dakota State,Northern Iowa,South Dakota,South Dakota State,Southern Illinois,Western Illinois,Wyoming
https://n.rivals.com/content/prospects/2018/justin-kakala-192453,2018,2,Harvard,California,Colorado
https://n.rivals.com/content/prospects/2018/davin-dyal-193404,2018,2,Tennessee-Martin,Eastern Michigan,East Tennessee State,Mercer,Navy,Tennessee Tech
https://n.rivals.com/content/prospects/2018/percy-butler-193656,2018,2,Louisiana-Lafayette,Southern Miss
https://n.rivals.com/content/prospects/2018/raymond-horton-194400,2018,2,Florida International,Florida Atlantic,Marshall
https://n.rivals.com/content/prospects/2018/nyle-love-196160,2018,2,Memphis,Appalachian State,Arkansas State
https://n.rivals.com/content/prospects/2018/antonio-fletcher-197040,2018,2,Arkansas State,Appalachian State,Jackson State,Kent State,Nevada,Toledo
https://n.rivals.com/content/prospects/2018/colin-woodside-197541,2018,2,Cincinnati,Ball State,Eastern Kentucky,Miami (OH),Ohio
https://n.rivals.com/content/prospects/2018/deondrae-williams-197315,2018,2,Navy,Citadel,Richmond,Troy
https://n.rivals.com/content/prospects/2018/garrett-houser-198328,2018,2,Navy,Albany,Robert Morris,Youngstown State
https://n.rivals.com/content/prospects/2018/ben-tuipulotu-199002,2018,2,Brigham Young
https://n.rivals.com/content/prospects/2018/kylar-cooks-204743,2018,2,Texas State,Arkansas State,Tulane
https://n.rivals.com/content/prospects/2018/florian-mccann-204787,2018,2,Colorado State,Northern Colorado,Weber State
https://n.rivals.com/content/prospects/2018/devin-mathews-204613,2018,2,Navy,Air Force,Army,Western Illinois
https://n.rivals.com/content/prospects/2018/justinn-richardson-204614,2018,2,Old Dominion,Valdosta State
https://n.rivals.com/content/prospects/2018/mikel-oliver-205572,2018,2,San Diego State,Idaho
https://n.rivals.com/content/prospects/2018/talan-alfrey-206238,2018,2,Brigham Young,Idaho,Nevada
https://n.rivals.com/content/prospects/2018/willem-froumy-207277,2018,2,Syracuse,Bryant,Maine,Massachusetts,New Hampshire
https://n.rivals.com/content/prospects/2018/nico-ezidore-207042,2018,2,Houston,Texas-San Antonio,Tulsa
https://n.rivals.com/content/prospects/2018/isaac-guerendo-207108,2018,2,Wisconsin,Air Force,Army,Ball State,Eastern Michigan
https://n.rivals.com/content/prospects/2018/kadas-reams-207560,2018,2,Temple,Buffalo
https://n.rivals.com/content/prospects/2018/matt-kjeldgaard-207607,2018,2,Fresno State,Sacramento State,San Jose State
https://n.rivals.com/content/prospects/2018/sherwin-king-208007,2018,2,Fresno State
https://n.rivals.com/content/prospects/2018/samuel-moore-207756,2018,2,North Dakota State,Iowa
https://n.rivals.com/content/prospects/2018/simon-burkett-208367,2018,2,Eastern Washington
https://n.rivals.com/content/prospects/2018/max-yarbrough-208039,2018,2,Southern Methodist,Abilene Christian,Air Force,Bowling Green,Navy,New Mexico,North Texas,Texas State
https://n.rivals.com/content/prospects/2018/christian-daniels-188282,2018,2,Miami (OH),Air Force,Army,Charlotte,Coastal Carolina,Elon,Furman,Navy,Purdue,Richmond,Western Kentucky
https://n.rivals.com/content/prospects/2018/josh-newton-207586,2018,2,Louisiana-Monroe
https://n.rivals.com/content/prospects/2018/x-zavea-gadlin-197614,2018,2,Tulsa,New Mexico State,North Texas,Stephen F. Austin,Texas State,Tulane
https://n.rivals.com/content/prospects/2018/seth-caillouet-205512,2018,2,Texas State,Air Force,Houston Baptist,McNeese State
https://n.rivals.com/content/prospects/2018/elijah-clark-200037,2018,2,Temple,Boston College
https://n.rivals.com/content/prospects/2018/ja-quez-battley-207998,2018,2,Rice,Stephen F. Austin
https://n.rivals.com/content/prospects/2018/justin-stevenson-207623,2018,2,Navy,Army
https://n.rivals.com/content/prospects/2018/c-j-johnson-208148,2018,2,Texas State
https://n.rivals.com/content/prospects/2018/jaterious-evans-206585,2018,2,Stephen F. Austin
https://n.rivals.com/content/prospects/2018/patrick-atkinson-208032,2018,2,Air Force,Northwestern Oklahoma State,Southern Arkansas
https://n.rivals.com/content/prospects/2018/jordan-hunt-208284,2018,2,North Texas
https://n.rivals.com/content/prospects/2018/charles-reed-207749,2018,2,Navy,Citadel,Houston Baptist
https://n.rivals.com/content/prospects/2018/josh-jerome-205744,2018,2,Eastern Washington,Montana State
https://n.rivals.com/content/prospects/2018/morgan-ernst-68915,2018,2,Army
https://n.rivals.com/content/prospects/2018/christopher-dunn-181490,2018,2,North Carolina State
https://n.rivals.com/content/prospects/2018/eric-mcarn-2632,2018,2,Central Michigan,Toledo
https://n.rivals.com/content/prospects/2018/dylan-horton-184069,2018,2,Southern Methodist,Arkansas State,Army,Fordham,Missouri State,Stephen F. Austin
https://n.rivals.com/content/prospects/2018/peyton-fifield-207727,2018,2,Texas State,Bowling Green,Florida Atlantic,Louisiana-Monroe,McNeese State
https://n.rivals.com/content/prospects/2018/roger-mccreary-185594,2018,2,South Alabama,UAB
https://n.rivals.com/content/prospects/2018/jonathan-pace-208656,2018,2,Connecticut,Army,Bryant,Elon,Fordham,New Hampshire
https://n.rivals.com/content/prospects/2018/justin-hall-10430,2018,2,Northern Illinois,Central Michigan,Eastern Michigan,Iowa State,Southern Illinois,Western Illinois
https://n.rivals.com/content/prospects/2018/javan-rice-184840,2018,2,Vanderbilt,Army,Florida International
https://n.rivals.com/content/prospects/2018/ej-williams-182715,2018,2,Eastern Michigan,Bowling Green,Northern Illinois,Syracuse
https://n.rivals.com/content/prospects/2018/braden-collins-186171,2018,2,Appalachian State,Austin Peay,Charlotte,Coastal Carolina,Indiana,Navy,Ohio,Robert Morris,Tennessee Tech,Vanderbilt,Virginia,Western Kentucky,Yale
https://n.rivals.com/content/prospects/2018/sean-chambers-201576,2018,2,Wyoming,Fresno State,Hawaii,Rutgers
https://n.rivals.com/content/prospects/2018/calvin-hart-jr-63302,2018,2,North Carolina State,Buffalo,Colorado State,Florida A&M,Iowa,Iowa State,Kentucky,Mississippi State,Pittsburgh,Rutgers,Southern Miss,South Florida,Syracuse,Texas A&M,Tulane,Wisconsin
https://n.rivals.com/content/prospects/2018/bubba-williamson-179931,2018,2,Western Carolina,South Carolina State
https://n.rivals.com/content/prospects/2018/evan-fields-185122,2018,2,Memphis,Appalachian State,Army,Charlotte,Coastal Carolina,Connecticut,Eastern Kentucky,Florida Atlantic,Georgia Southern,Georgia State,Jacksonville State,Mercer,Samford,Tennessee-Martin,Troy
https://n.rivals.com/content/prospects/2018/trey-mcbride-172254,2018,2,Colorado State,California,Colorado,Kansas State,Northern Colorado,Wyoming
https://n.rivals.com/content/prospects/2018/jay-symonds-56737,2018,2,Stanford,Boston College,Brown,Dartmouth,Massachusetts,Pittsburgh,Princeton,Rhode Island,Temple
https://n.rivals.com/content/prospects/2018/despelado-alexandre-72503,2018,2,Georgia State,Appalachian State,Morgan State
https://n.rivals.com/content/prospects/2018/martell-irby-200769,2018,2,Arizona,Army,Columbia,Dartmouth,Hawaii,Idaho,Massachusetts,Montana State,Navy,New Hampshire,Northern Arizona,Pennsylvania,San Jose State,South Dakota,UC Davis,Utah State,Yale
https://n.rivals.com/content/prospects/2018/jacolby-hewitt-185653,2018,2,Indiana,Austin Peay,Eastern Kentucky,Jacksonville State,Memphis,Mercer,Navy,Southeast Missouri State,Southern Illinois,Tennessee-Chattanooga,Tennessee-Martin,Tulane
https://n.rivals.com/content/prospects/2018/jason-lloyd-209192,2018,2,Air Force
https://n.rivals.com/content/prospects/2018/brandon-johnson-208146,2018,2,Texas State,East Carolina
https://n.rivals.com/content/prospects/2018/devon-matthews-186947,2018,2,South Florida,Central Michigan,Cincinnati,Colorado State,Connecticut,Florida Atlantic,Georgia Southern,Howard,Illinois,Memphis,Middle Tennessee State,Mississippi State,Missouri,Samford,Temple
https://n.rivals.com/content/prospects/2018/keishon-dawkins-192976,2018,2,Oregon State,Nevada
https://n.rivals.com/content/prospects/2018/justin-wright-208402,2018,2,Texas State,Abilene Christian,Louisiana-Monroe,Nevada,UTEP
https://n.rivals.com/content/prospects/2018/brandon-walters-203939,2018,2,Army
https://n.rivals.com/content/prospects/2018/cory-gildersleeve-jr-58632,2018,2,Central Michigan
https://n.rivals.com/content/prospects/2018/jake-papez-30063,2018,2,Bowling Green,Eastern Kentucky,Missouri State,Ohio,Southeast Missouri State
https://n.rivals.com/content/prospects/2018/perry-olsen-181087,2018,2,Navy,Army
https://n.rivals.com/content/prospects/2018/austin-france-183314,2018,2,Western Michigan
https://n.rivals.com/content/prospects/2018/pierce-withers-188001,2018,2,Texas State,Air Force,Liberty,Navy,New Mexico State,Stephen F. Austin,Toledo
https://n.rivals.com/content/prospects/2018/jake-pinegar-207981,2018,2,Penn State,Bowling Green,Indiana,Northern Illinois,Western Illinois
https://n.rivals.com/content/prospects/2018/sam-stovall-72207,2018,2,Western Kentucky,Appalachian State,Charlotte,Coastal Carolina,Eastern Kentucky,Florida Atlantic,Jacksonville State,Memphis,Mercer,Middle Tennessee State,Richmond,Texas-San Antonio,Tulane
https://n.rivals.com/content/prospects/2018/blake-harris-186021,2018,2,Army,Appalachian State,Ball State,Boston College,Citadel,Colorado State,Connecticut,East Carolina,Georgia Southern,Georgia State,Georgia Tech,Hawaii,Indiana,James Madison,Kentucky,Liberty,Marshall,Middle Tennessee State,Navy,Old Dominion,Presbyterian,Purdue,Rutgers,South Carolina State,South Florida,Troy,Tulane,Virginia,Western Kentucky
https://n.rivals.com/content/prospects/2018/tim-johns-183668,2018,2,Army,Columbia,Dartmouth,Indiana State,Ohio,Pennsylvania,Princeton,Yale
https://n.rivals.com/content/prospects/2018/derrick-corbin-208594,2018,2,Kent State
https://n.rivals.com/content/prospects/2018/drew-kraatz-200826,2018,2,Army
https://n.rivals.com/content/prospects/2018/bennett-clark-183534,2018,2,Miami (OH),Ball State,Bowling Green,Buffalo,Central Michigan,Columbia,Illinois State,Northern Illinois,Ohio,Toledo
https://n.rivals.com/content/prospects/2018/michael-naze-185609,2018,2,Navy,Air Force,Ball State,Eastern Illinois,Illinois State,Indiana State,North Dakota,North Dakota State,South Dakota,South Dakota State,Western Illinois
https://n.rivals.com/content/prospects/2018/gavin-blunt-208172,2018,2,Akron,Albany,Indiana State,Robert Morris
https://n.rivals.com/content/prospects/2018/jack-mccrory-200396,2018,2,Ohio
https://n.rivals.com/content/prospects/2018/bryce-houston-183304,2018,2,Ohio,Bowling Green,Buffalo,Eastern Kentucky,Eastern Michigan,Kent State
https://n.rivals.com/content/prospects/2018/jahquan-bloomfield-208641,2018,2,Louisiana-Monroe,Central Arkansas,New Mexico State
https://n.rivals.com/content/prospects/2018/mayan-ahanotu-180377,2018,2,Minnesota,Air Force,Arizona,Arkansas State,Boston College,Buffalo,California,Charlotte,Colorado State,Florida Atlantic,Georgia Tech,Illinois,Indiana,Iowa State,Maryland,Massachusetts,Michigan State,Middle Tennessee State,Mississippi State,North Carolina State,Oklahoma,Oregon State,Rutgers,Southern Miss,South Florida,Toledo,Tulane,UCF,Vanderbilt,Virginia Tech,Wake Forest,Western Kentucky
https://n.rivals.com/content/prospects/2018/eugene-bowman-181263,2018,2,South Florida,Campbell,Cincinnati,Connecticut,East Carolina,Florida International,Georgia Southern,Georgia State,Marshall,Mercer,Middle Tennessee State,Purdue,Samford,South Alabama,Troy,Tulane,Western Illinois
https://n.rivals.com/content/prospects/2018/eric-seidelman-28402,2018,2,UCF,Air Force,Appalachian State,Central Arkansas,Charlotte,Coastal Carolina,Georgia State,Marshall,McNeese State,Ohio,South Florida
https://n.rivals.com/content/prospects/2018/jake-bobo-47608,2018,2,Duke,Army,Boston College,Dartmouth,Elon,Massachusetts,Rhode Island,Wake Forest,Yale
https://n.rivals.com/content/prospects/2018/ryan-carroll-69407,2018,2,Connecticut,Delaware State,Eastern Michigan,Maine,Ohio,Stony Brook,Temple,Youngstown State
https://n.rivals.com/content/prospects/2018/tate-whatley-71644,2018,2,Southern Miss,Fordham,Liberty,Mercer,Samford,South Florida
https://n.rivals.com/content/prospects/2018/steven-comstock-72953,2018,2,Fresno State,Army,Eastern Washington,Idaho,Oregon State
https://n.rivals.com/content/prospects/2018/richard-tucker-106134,2018,2,Appalachian State
https://n.rivals.com/content/prospects/2018/cameron-thomas-117451,2018,2,San Diego State,Navy,Wyoming
https://n.rivals.com/content/prospects/2018/khyon-gillespie-131327,2018,2,Connecticut,Central Connecticut State
https://n.rivals.com/content/prospects/2018/carlos-sandy-179972,2018,2,Illinois,Appalachian State,Buffalo,Coastal Carolina,Colorado State,East Carolina,Florida Atlantic,Marshall,Southern Miss,Syracuse,Toledo,Troy,Western Kentucky,Western Michigan
https://n.rivals.com/content/prospects/2018/matthew-robinson-181091,2018,2,Montana,Coastal Carolina,Florida International
https://n.rivals.com/content/prospects/2018/will-mccabe-182935,2018,2,Western Michigan,Ball State,Central Michigan,Eastern Michigan,Navy,New Mexico,North Dakota State,Northern Illinois,Northern Iowa,Ohio,South Dakota State,Southern Illinois,Western Illinois
https://n.rivals.com/content/prospects/2018/blake-bacevich-183075,2018,2,Cincinnati,Ball State,Bowling Green,Central Michigan,Eastern Kentucky,Eastern Michigan,Kent State,Miami (OH),Ohio,Pittsburgh,Toledo,Western Michigan
https://n.rivals.com/content/prospects/2018/john-scott-182826,2018,2,Texas Tech,Kansas State,Texas State,Tulane,Tulsa
https://n.rivals.com/content/prospects/2018/tahj-magee-182645,2018,2,Louisiana Tech,Arizona,Idaho,Jackson State,Louisiana-Lafayette,McNeese State,Nicholls State,Prairie View A&M,Southeastern Louisiana,Southeast Missouri State,Tulane
https://n.rivals.com/content/prospects/2018/isaiah-isaac-182752,2018,2,Wake Forest,Army,Temple
https://n.rivals.com/content/prospects/2018/nicario-harper-183243,2018,2,Appalachian State,Arkansas State,Central Michigan,Florida Atlantic,Georgia Southern,Grambling State,Jackson State,James Madison,Middle Tennessee State,Southern Miss,Tennessee-Chattanooga,Toledo,Troy,Western Carolina
https://n.rivals.com/content/prospects/2018/atorian-perry-183271,2018,2,UAB,Appalachian State,Central Connecticut State,Central Michigan,Coastal Carolina,Howard,Liberty,Massachusetts,South Dakota,Southern Miss,Toledo
https://n.rivals.com/content/prospects/2018/jaylon-hutchings-183494,2018,2,Texas Tech,Arkansas State,Kansas State,North Texas,Southern Methodist
https://n.rivals.com/content/prospects/2018/jamree-kromah-183827,2018,2,Old Dominion,Army,Bowling Green,Howard,Monmouth,Morgan State,Navy,Rutgers,Tennessee-Martin
https://n.rivals.com/content/prospects/2018/will-bramel-184118,2018,2,Purdue,Bowling Green,Eastern Kentucky,Eastern Michigan,Georgia State,Marshall,South Alabama,Toledo
https://n.rivals.com/content/prospects/2018/jayden-patterson-184640,2018,2,Western Kentucky,Ball State,Georgia Southern
https://n.rivals.com/content/prospects/2018/jaylen-key-184800,2018,2,UAB
https://n.rivals.com/content/prospects/2018/grayson-crozier-185193,2018,2,Navy,Army,Columbia,Duquesne,Holy Cross,Lafayette,Lehigh,McNeese State,Southeastern Louisiana,Wagner
https://n.rivals.com/content/prospects/2018/nolan-eike-185588,2018,2,Central Michigan,Bowling Green,Brown,Columbia,Illinois,Illinois State,Western Illinois
https://n.rivals.com/content/prospects/2018/te-cory-tutson-185496,2018,2,Akron
https://n.rivals.com/content/prospects/2018/julian-pearl-185023,2018,2,Illinois,Northern Illinois
https://n.rivals.com/content/prospects/2018/xavier-lodge-185050,2018,2,Louisiana Tech,Jackson State,Louisiana-Monroe,Marshall,Memphis,Nicholls State,Southern Miss,Tulane
https://n.rivals.com/content/prospects/2018/leon-payne-185282,2018,2,Northern Illinois,Arkansas State,South Dakota,Southern Illinois
https://n.rivals.com/content/prospects/2018/carlton-cleophat-186611,2018,2,Central Michigan,Alabama State,Bethune-Cookman,Florida Atlantic,Louisiana-Lafayette,Massachusetts,Morgan State,Toledo
https://n.rivals.com/content/prospects/2018/david-watson-186299,2018,2,Arizona
https://n.rivals.com/content/prospects/2018/derek-devine-186310,2018,2,Virginia,Bowling Green,Eastern Kentucky
https://n.rivals.com/content/prospects/2018/jyran-mitchell-186057,2018,2,Northern Illinois,Ball State,Central Michigan,Fordham,Illinois State,Navy,Northern Iowa,South Dakota,Western Illinois
https://n.rivals.com/content/prospects/2018/desjuan-johnson-186114,2018,2,Western Michigan,Kent State,Toledo
https://n.rivals.com/content/prospects/2018/tysean-white-188244,2018,2,Navy,Army,Boise State,Colorado State,Fresno State,Nevada,Northern Arizona,San Jose State,UNLV,Utah State
https://n.rivals.com/content/prospects/2018/khoury-bethley-191982,2018,2,Hawaii,Idaho,Montana State,New Mexico,Northern Arizona,UC Davis,UTEP
https://n.rivals.com/content/prospects/2018/legend-moore-192122,2018,2,Northern Illinois,UCF,Utah State
https://n.rivals.com/content/prospects/2018/nasir-greer-193483,2018,2,Wake Forest,Air Force,Alabama State,Army,Austin Peay,Ball State,Fordham,Georgia State,Jacksonville State,James Madison,Kent State,Massachusetts,Mercer,Miami (OH),North Carolina A&T,Ohio,Samford,South Alabama,Western Illinois,Western Kentucky
https://n.rivals.com/content/prospects/2018/kyiev-bennermon-194810,2018,2,Boston College
https://n.rivals.com/content/prospects/2018/issac-walker-194858,2018,2,UCF,Delaware State,Florida A&M,Florida Atlantic,Florida International,Jacksonville State,Morgan State,North Carolina Central,South Dakota,Southern Miss
https://n.rivals.com/content/prospects/2018/maurquel-dillard-195212,2018,2,Western Kentucky,Appalachian State,Bowling Green,Colorado State,Florida Atlantic,Illinois,North Carolina State,Pittsburgh,Southern Miss,Toledo,UCF
https://n.rivals.com/content/prospects/2018/blayne-baker-196135,2018,2,Wyoming,Montana State,Northern Colorado
https://n.rivals.com/content/prospects/2018/jeremy-cooper-198024,2018,2,Cincinnati,Colorado,Indiana State,Northern Illinois,South Dakota State,Western Illinois
https://n.rivals.com/content/prospects/2018/jonah-lipel-199091,2018,2,Harvard,Army,Brown,Navy,Pennsylvania,UCLA
https://n.rivals.com/content/prospects/2018/tyden-ferris-200102,2018,2,Central Michigan
https://n.rivals.com/content/prospects/2018/john-amell-200445,2018,2,Navy,Bowling Green,Colorado State,East Tennessee State,Marshall
https://n.rivals.com/content/prospects/2018/devin-jordan-201077,2018,2,UCF,Bethune-Cookman,Bowling Green,Central Michigan,Morgan State,Southern Miss,Tennessee State,Western Kentucky
https://n.rivals.com/content/prospects/2018/travis-west-201922,2018,2,Army,Abilene Christian
https://n.rivals.com/content/prospects/2018/andrew-peasley-206403,2018,2,Utah State,Portland State
https://n.rivals.com/content/prospects/2018/juwan-moody-207189,2018,2,East Carolina,South Carolina State
https://n.rivals.com/content/prospects/2018/micah-dennis-187085,2018,2,Bucknell,Columbia,Dartmouth,Fordham,Lafayette
https://n.rivals.com/content/prospects/2018/kadin-smith-184699,2018,2,Purdue,Murray State,Tennessee-Martin
https://n.rivals.com/content/prospects/2018/jaden-harris-205946,2018,2,Arkansas State,Louisiana-Monroe,Memphis
https://n.rivals.com/content/prospects/2018/lawrence-papillon-190340,2018,2,Florida International,Cincinnati,Georgia State,Marshall,Oregon State
https://n.rivals.com/content/prospects/2018/walker-hankinson-192433,2018,2,Rice,Louisiana Tech,Southern Methodist,Texas-San Antonio,Yale
https://n.rivals.com/content/prospects/2018/jean-paul-rodriguez-206857,2018,2,Temple
https://n.rivals.com/content/prospects/2018/nash-fouch-185994,2018,2,Montana,Air Force,Cornell,Eastern Washington,Idaho,Montana State
https://n.rivals.com/content/prospects/2018/michael-noil-190279,2018,2,Idaho
https://n.rivals.com/content/prospects/2018/lane-sumner-208461,2018,2,Montana State
https://n.rivals.com/content/prospects/2018/chris-frey-208271,2018,2,Army
https://n.rivals.com/content/prospects/2018/torey-richardson-188570,2018,2,Army
https://n.rivals.com/content/prospects/2018/quinn-brinnon-186409,2018,2,Colorado State,Army,Boise State,Fresno State,Hawaii,Montana State,Nevada,San Jose State,UC Davis,Utah State,Wyoming
https://n.rivals.com/content/prospects/2018/shatar-mcclay-180898,2018,2,Massachusetts,Indiana,Tennessee,Western Kentucky
https://n.rivals.com/content/prospects/2018/charles-ross-132396,2018,2,Nevada,Hawaii,New Mexico,Sacramento State,San Diego State,San Jose State
https://n.rivals.com/content/prospects/2018/maurice-mcintyre-99790,2018,2,Duke,Charlotte,East Carolina
https://n.rivals.com/content/prospects/2018/cole-turner-182747,2018,2,Nevada,Air Force,Columbia,Idaho,Oregon State,Portland State,Princeton,UC Davis
https://n.rivals.com/content/prospects/2018/jordan-cordova-187683,2018,2,McNeese State,Louisiana-Monroe,Nicholls State,Northwestern State,Stephen F. Austin
https://n.rivals.com/content/prospects/2018/jakari-norwood-182788,2018,2,Illinois,Southern Miss
https://n.rivals.com/content/prospects/2018/hunter-brabham-192042,2018,2,Army,Northwestern Oklahoma State
https://n.rivals.com/content/prospects/2018/tywan-francis-185408,2018,2,Louisiana Tech,Arkansas State,Ball State,Grambling State,Jackson State,Kent State,Louisiana-Monroe,Nicholls State,North Texas,South Alabama,Southeastern Louisiana,Troy,UAB
https://n.rivals.com/content/prospects/2018/kekaniokoa-gonzalez-183053,2018,2,Boise State,Air Force,Army,Hawaii,New Mexico,San Jose State,UNLV
https://n.rivals.com/content/prospects/2018/levar-gumms-184639,2018,2,Memphis,Texas Southern
https://n.rivals.com/content/prospects/2018/andrei-iosivas-208182,2018,2,Princeton,Dartmouth
https://n.rivals.com/content/prospects/2018/daniel-taylor-82721,2018,2,Navy,Air Force,Appalachian State,Army,Charlotte,Furman,Illinois State,Princeton,Richmond,Southern Miss,Yale
https://n.rivals.com/content/prospects/2018/michael-lewis-111530,2018,2,Liberty,Army,Austin Peay,Colorado State,Cornell,Eastern Kentucky,East Tennessee State,Kansas State,Massachusetts,Navy,Tennessee-Chattanooga,Texas-San Antonio,Western Carolina
https://n.rivals.com/content/prospects/2018/john-mccartan-184410,2018,2,Fresno State,Columbia,Montana State,Northern Arizona,UNLV
https://n.rivals.com/content/prospects/2018/elijah-jeffreys-208408,2018,2,Connecticut
https://n.rivals.com/content/prospects/2018/trey-jones-84583,2018,2,Massachusetts
https://n.rivals.com/content/prospects/2018/jack-topping-49367,2018,2,Army,Columbia,Cornell,Davidson
https://n.rivals.com/content/prospects/2018/blake-whiteheart-186359,2018,2,Wake Forest,Appalachian State,Colorado State,Old Dominion,Southern Miss
https://n.rivals.com/content/prospects/2018/charles-hicks-209058,2018,2,Wyoming,Montana
https://n.rivals.com/content/prospects/2018/chris-sykes-205715,2018,2,Dartmouth,Air Force,Army,Fresno State
https://n.rivals.com/content/prospects/2018/jerreth-sterns-190522,2018,2,Army,Davidson,Navy,Princeton
https://n.rivals.com/content/prospects/2018/luca-fratianne-184652,2018,2,Navy,Air Force,Army,Colorado Mines,Cornell,San Diego,Tennessee-Martin
https://n.rivals.com/content/prospects/2018/daniel-bellinger-183458,2018,2,San Diego State,California,Navy,UNLV,Weber State
https://n.rivals.com/content/prospects/2018/denaylan-fuimaono-192271,2018,2,San Diego State,Air Force,Army,Hawaii,Navy,Nevada,New Mexico,San Jose State,UC Davis,Utah State,Washington State
https://n.rivals.com/content/prospects/2018/alex-kilander-209152,2018,2,Princeton
https://n.rivals.com/content/prospects/2018/isaac-power-209291,2018,2,Baylor
https://n.rivals.com/content/prospects/2018/herman-mccray-53064,2018,2,Georgia State,Florida Atlantic,Iowa State,Louisville,Marshall,Tennessee-Chattanooga,Virginia Tech
https://n.rivals.com/content/prospects/2018/thomas-marcus-209134,2018,2,Arizona,Utah State
https://n.rivals.com/content/prospects/2018/cross-wilkinson-180272,2018,2,Toledo,Ball State,Columbia,Marshall,Ohio
https://n.rivals.com/content/prospects/2018/tyler-ganoung-209250,2018,2,Montana
https://n.rivals.com/content/prospects/2018/marquez-perez-92333,2018,2,Tulsa,Abilene Christian,Central Arkansas,Houston,Kansas,Northwestern State,Rice,Texas State
https://n.rivals.com/content/prospects/2018/zachary-gilson-4237,2018,2,Texas-San Antonio,Fordham,Illinois State,Louisiana Tech,Tulsa
https://n.rivals.com/content/prospects/2018/spencer-burford-watts-183593,2018,2,Texas-San Antonio,Army,Bowling Green,Houston Baptist,Kansas,Texas State,Texas Tech
https://n.rivals.com/content/prospects/2018/rodrick-fisher-209409,2018,2,Washington State
https://n.rivals.com/content/prospects/2018/lorenzo-burkes-182727,2018,2,San Jose State
https://n.rivals.com/content/prospects/2018/dj-brown-93610,2018,2,Virginia,Arizona,Army,Ball State,Boston College,Bucknell,Charlotte,Dartmouth,Memphis,Missouri,Navy,Penn,Richmond,Robert Morris,Rutgers,Towson,Vanderbilt,Yale,Youngstown State
https://n.rivals.com/content/prospects/2018/delano-ware-208368,2018,2,Nevada,Air Force,Illinois,UC Davis
https://n.rivals.com/content/prospects/2018/kolby-enosa-209453,2018,2,Weber State,Southern Utah
https://n.rivals.com/content/prospects/2018/orlando-heggs-188062,2018,2,Colorado State,Akron,Charlotte,Florida Atlantic,Georgia State,Howard,Iowa State,Marshall,Mercer,Samford,Temple,Tulane,Wake Forest
https://n.rivals.com/content/prospects/2018/ekow-boye-doe-206678,2018,2,Kansas State,Kansas,Missouri State,Northern Iowa,Tulane
https://n.rivals.com/content/prospects/2018/wilhelm-christiansen-184823,2018,2,Harvard,Brown,Columbia,Cornell,Montana,Montana State,Northern Arizona,San Diego,Stetson
https://n.rivals.com/content/prospects/2018/terrance-newman-186011,2018,2,Southern Methodist,Air Force,Howard,Jackson State,McNeese State,Navy,New Mexico State,North Texas
https://n.rivals.com/content/prospects/2018/marcellus-johnson-191853,2018,2,Lamar,Louisiana-Monroe,Missouri State
https://n.rivals.com/content/prospects/2018/jt-wood-186707,2018,2,Liberty,Army,South Alabama,Troy,Western Illinois
https://n.rivals.com/content/prospects/2018/christian-perez-11815,2018,2,Navy,Indiana State,Jackson State,Missouri State,Southeast Missouri State,Tennessee-Martin
https://n.rivals.com/content/prospects/2018/macon-clark-186143,2018,2,Tulane,Louisiana-Lafayette
https://n.rivals.com/content/prospects/2018/jah-marae-sheread-185240,2018,2,Texas State,Central Arkansas,Morgan State,Northern Colorado,Prairie View A&M,Sam Houston State,Southeastern Louisiana,Southern University,Texas Southern
https://n.rivals.com/content/prospects/2018/billy-bowens-186338,2018,2,Boise State,Brigham Young,Colorado State,Fresno State,Hawaii,Montana State,Nevada,New Mexico,San Jose State,UNLV,Utah State
https://n.rivals.com/content/prospects/2018/nickolos-madourie-186407,2018,2,UCF,Southern Miss,South Florida,Temple
https://n.rivals.com/content/prospects/2018/kmare-carey-170179,2018,2,Western Michigan,Temple
https://n.rivals.com/content/prospects/2018/bryce-texeira-206140,2018,2,Navy,Air Force,Bemidji State,Minnesota State
https://n.rivals.com/content/prospects/2018/hunter-richard-206533,2018,2,Army,Abilene Christian
https://n.rivals.com/content/prospects/2018/cameron-shook-194202,2018,2,Navy,Air Force
https://n.rivals.com/content/prospects/2018/javaughn-williams-95913,2018,2,Kent State,Akron,Eastern Kentucky,Marshall,Toledo,Youngstown State
https://n.rivals.com/content/prospects/2018/joseph-boggs-183466,2018,2,Ball State,Akron,Indiana State,Mercer,Notre Dame of Ohio,Ohio
https://n.rivals.com/content/prospects/2018/nolan-potter-176724,2018,2,Northern Illinois,Illinois State,Northern Iowa,South Dakota,Toledo,UCF
https://n.rivals.com/content/prospects/2018/bless-harris-189057,2018,2,Lamar
https://n.rivals.com/content/prospects/2018/cam-arnold-180127,2018,2,Northwestern State,Incarnate Word
https://n.rivals.com/content/prospects/2018/stefan-cobbs-jr-56422,2018,2,Boise State,Abilene Christian,Bowling Green,New Mexico State,North Texas,Texas State,Tulane,Utah State
https://n.rivals.com/content/prospects/2018/josh-aune-181767,2018,2,Minnesota,Montana State,North Dakota,North Dakota State,South Dakota,South Dakota State
https://n.rivals.com/content/prospects/2018/zack-ferris-200990,2018,2,Marshall,Austin Peay,Eastern Kentucky,Eastern Michigan,Georgetown (KY),Morehead State,Murray State
https://n.rivals.com/content/prospects/2018/dalton-tucker-201344,2018,2,Marshall,Eastern Kentucky,Louisville
https://n.rivals.com/content/prospects/2018/george-pearson-1372,2018,2,Central Michigan,Boston College,Temple
https://n.rivals.com/content/prospects/2018/brady-mcbride-13232,2018,2,Memphis,Bowling Green,Central Arkansas,Montana State,Rice,Texas State
https://n.rivals.com/content/prospects/2018/ethan-watson-13234,2018,2,South Florida,Cincinnati,Florida Atlantic,Louisiana-Lafayette,South Alabama,Troy,Tulane,UCF
https://n.rivals.com/content/prospects/2018/keeghan-freeborn-34568,2018,2,Boise State
https://n.rivals.com/content/prospects/2018/aaron-howard-70329,2018,2,Montana State
https://n.rivals.com/content/prospects/2018/stacy-conner-94825,2018,2,UNLV,Abilene Christian,Arkansas State,Illinois State,Jackson State,Nevada,North Texas,San Jose State,Texas State
https://n.rivals.com/content/prospects/2018/kewan-parker-97249,2018,2,Northern Illinois,South Florida
https://n.rivals.com/content/prospects/2018/cooper-lutz-102507,2018,2,Syracuse,Albany,Army,Colgate,Columbia,Navy
https://n.rivals.com/content/prospects/2018/ricardo-arias-105285,2018,2,Fresno State
https://n.rivals.com/content/prospects/2018/jarron-morris-106147,2018,2,Texas State,Army,McNeese State,Rice,Southern Methodist
https://n.rivals.com/content/prospects/2018/malik-banks-180349,2018,2,Connecticut,Central Connecticut State,Howard,Morgan State
https://n.rivals.com/content/prospects/2018/dyontae-johnson-180727,2018,2,Toledo,Cincinnati,Iowa State
https://n.rivals.com/content/prospects/2018/parker-bisek-181399,2018,2,Toledo,Eastern Kentucky,Marshall,Murray State,Ohio
https://n.rivals.com/content/prospects/2018/antonio-heard-181487,2018,2,UAB,Tulsa
https://n.rivals.com/content/prospects/2018/jeremy-tate-182716,2018,2,Memphis,Austin Peay,South Alabama
https://n.rivals.com/content/prospects/2018/tony-pierce-184008,2018,2,North Dakota State,Jacksonville State,Montana State,Southern Illinois,Texas-San Antonio
https://n.rivals.com/content/prospects/2018/joseph-sparacio-185034,2018,2,Boston College,Appalachian State,Army,Coastal Carolina,Colgate,Eastern Michigan,Marshall,Navy
https://n.rivals.com/content/prospects/2018/matthew-stuckey-jr-185555,2018,2,Western Michigan,Ball State,Illinois State,Northern Illinois,Wyoming
https://n.rivals.com/content/prospects/2018/bryce-parker-186414,2018,2,Fresno State,Hawaii
https://n.rivals.com/content/prospects/2018/jadakis-bonds-186427,2018,2,East Carolina
https://n.rivals.com/content/prospects/2018/antonio-grier-186176,2018,2,South Florida,Eastern Michigan,Georgia Southern,Georgia State,Marshall,Mercer,Toledo
https://n.rivals.com/content/prospects/2018/demajay-williams-187544,2018,2,San Diego State,Idaho,Nevada,Purdue,Washington State,Wyoming
https://n.rivals.com/content/prospects/2018/joey-luchetti-190660,2018,2,Boston College
https://n.rivals.com/content/prospects/2018/walter-harris-190943,2018,2,Army,Navy
https://n.rivals.com/content/prospects/2018/darrien-sampson-190381,2018,2,Hawaii,Eastern Washington,Portland State
https://n.rivals.com/content/prospects/2018/jalen-rispress-191875,2018,2,Southern Methodist
https://n.rivals.com/content/prospects/2018/brendan-mitchell-191956,2018,2,Navy,Air Force,Brigham Young,Brown,Columbia,Cornell,Dartmouth,Jacksonville,Montana,Princeton
https://n.rivals.com/content/prospects/2018/peyton-sawyer-194215,2018,2,Houston,Arizona State,Texas State,Texas Tech,Tulane,Tulsa
https://n.rivals.com/content/prospects/2018/ryan-booth-197456,2018,2,Rice,Air Force,Army,Bowling Green,Brown
https://n.rivals.com/content/prospects/2018/tysen-lewis-202487,2018,2,Brigham Young,Utah State
https://n.rivals.com/content/prospects/2018/chevan-cordeiro-203522,2018,2,Hawaii
https://n.rivals.com/content/prospects/2018/zamar-kirven-204622,2018,2,Houston
https://n.rivals.com/content/prospects/2018/nicholas-dell-acqua-205151,2018,2,Navy,Dixie State,San Diego
https://n.rivals.com/content/prospects/2018/auston-deason-205759,2018,2,Texas State,Air Force,Army
https://n.rivals.com/content/prospects/2018/jaylon-thomas-206175,2018,2,Southern Methodist,Stephen F. Austin,Texas Tech,Tulsa
https://n.rivals.com/content/prospects/2018/adam-klein-206235,2018,2,Temple,Air Force,Army,Colgate,Fordham,Holy Cross,Monmouth,New Hampshire,Stony Brook,Villanova,Virginia
https://n.rivals.com/content/prospects/2018/brayden-cosper-206944,2018,2,Brigham Young,Air Force,Navy,Nevada,Weber State
https://n.rivals.com/content/prospects/2018/wyatt-bowles-208175,2018,2,Nevada,Idaho State,Weber State
https://n.rivals.com/content/prospects/2018/jalen-hamler-207983,2018,2,Cal Poly,Montana State
https://n.rivals.com/content/prospects/2018/dayton-leblanc-207991,2018,2,North Texas
https://n.rivals.com/content/prospects/2018/shannon-bishop-jr-184710,2018,2,Western Kentucky,Eastern Kentucky,Howard,Tennessee-Martin
https://n.rivals.com/content/prospects/2018/gunner-britton-182427,2018,2,Western Kentucky,Eastern Michigan,Gardner-Webb,Stetson,Western Carolina
https://n.rivals.com/content/prospects/2018/jamiran-james-183035,2018,2,Tulane,Air Force,Ball State,Florida Atlantic,Houston,Idaho,Jackson State,Louisiana-Monroe,Memphis,Middle Tennessee State,Navy,South Alabama,Southern Miss,Troy
https://n.rivals.com/content/prospects/2018/donald-johnson-190177,2018,2,Grambling State
https://n.rivals.com/content/prospects/2018/chinonso-opara-208254,2018,2,Brigham Young,Utah
https://n.rivals.com/content/prospects/2018/slater-zellers-206510,2018,2,California
https://n.rivals.com/content/prospects/2018/ty-rese-gibson-180459,2018,2,Montana State,Idaho,San Jose State
https://n.rivals.com/content/prospects/2018/cal-long-207724,2018,2,Navy,Army,Stephen F. Austin
https://n.rivals.com/content/prospects/2018/jason-white-207997,2018,2,Rice
https://n.rivals.com/content/prospects/2018/ben-redding-208147,2018,2,UNLV,Texas State
https://n.rivals.com/content/prospects/2018/steve-steen-208080,2018,2,Navy,Army
https://n.rivals.com/content/prospects/2018/james-bagnell-181874,2018,2,Rice
https://n.rivals.com/content/prospects/2018/nathalohn-nanai-119009,2018,2,Texas State
https://n.rivals.com/content/prospects/2018/tristen-wooten-207046,2018,2,Navy
https://n.rivals.com/content/prospects/2018/kyle-perry-208285,2018,2,Army
https://n.rivals.com/content/prospects/2018/jake-lynch-182512,2018,2,Texas State,Air Force
https://n.rivals.com/content/prospects/2018/reggie-brown-184797,2018,2,James Madison
https://n.rivals.com/content/prospects/2018/tyrus-wheat-184602,2018,2,Missouri,Texas State,Tulane
https://n.rivals.com/content/prospects/2018/oskar-andersson-206891,2018,2,Temple,Liberty,Old Dominion
https://n.rivals.com/content/prospects/2018/allen-amuimuia-206479,2018,2,Air Force,Harding,Ouachita Baptist
https://n.rivals.com/content/prospects/2018/zach-schlager-22767,2018,2,Colorado State,Cornell,North Dakota State,South Dakota,South Dakota State
https://n.rivals.com/content/prospects/2018/nick-henkel-12287,2018,2,Yale,Connecticut,Rutgers
https://n.rivals.com/content/prospects/2018/troy-fisher-57336,2018,2,Lafayette,Boston College,Temple,Toledo
https://n.rivals.com/content/prospects/2018/jemel-jones-196094,2018,2,Army,Montana State
https://n.rivals.com/content/prospects/2018/dylan-hopkins-53012,2018,2,UAB,Appalachian State,Austin Peay,Charlotte,Coastal Carolina,Connecticut,Eastern Kentucky,East Tennessee State,Georgia State,Liberty,Mercer,Southern Miss,Temple,Western Carolina
https://n.rivals.com/content/prospects/2018/jake-syptak-184469,2018,2,Southern Methodist,Army,Bowling Green,Brown,Columbia,Cornell,Dartmouth,Massachusetts,North Texas,Penn,Princeton,Rice,Texas-San Antonio,Texas State,Tulane,Tulsa,Yale
https://n.rivals.com/content/prospects/2018/jackson-lanam-206527,2018,2,Texas State,Arkansas State
https://n.rivals.com/content/prospects/2018/logan-hall-200948,2018,2,Houston,Bowling Green,Colorado State,North Texas,Sam Houston State,Toledo,Tulsa
https://n.rivals.com/content/prospects/2018/brandon-derrow-182921,2018,2,Colorado State,Akron,Appalachian State,Buffalo,Eastern Kentucky,Eastern Michigan,Kent State,Marshall,Ohio,Rutgers,Toledo,Western Kentucky,Western Michigan,Youngstown State
https://n.rivals.com/content/prospects/2018/carlos-hatcher-208437,2018,2,Tulane,Southern Miss
https://n.rivals.com/content/prospects/2018/james-lachey-206551,2018,2,Bowling Green,Morehead State,Youngstown State
https://n.rivals.com/content/prospects/2018/timothy-mosley-185388,2018,2,UNLV,Arizona,Florida A&M
https://n.rivals.com/content/prospects/2018/luke-burnette-199809,2018,2,Appalachian State,Army,East Carolina,Florida International,Youngstown State
https://n.rivals.com/content/prospects/2018/jordon-earle-184199,2018,2,Appalachian State,Marshall
https://n.rivals.com/content/prospects/2018/cole-talley-184726,2018,2,Army
https://n.rivals.com/content/prospects/2018/fotis-kokosioulis-182589,2018,2,Northern Illinois
https://n.rivals.com/content/prospects/2018/davonchae-bryant-208345,2018,2,UCF,Florida Atlantic,Marshall,Middle Tennessee State,Purdue,South Alabama
https://n.rivals.com/content/prospects/2018/jaylen-jackson-200405,2018,2,Cincinnati,Appalachian State,Army,Central Michigan,Chattanooga,Eastern Kentucky,Eastern Michigan,Elon,Mercer,North Carolina Central,Tulane,Wake Forest,Washington State,Western Kentucky
https://n.rivals.com/content/prospects/2018/ari-sallus-192419,2018,2,UC Davis,Brown,Cornell
https://n.rivals.com/content/prospects/2018/chad-magyar-206242,2018,2,UNLV,Brigham Young,Montana State
https://n.rivals.com/content/prospects/2018/julian-ortega-jones-204610,2018,2,Louisiana-Monroe,Abilene Christian,Army,Bowling Green,Illinois State,Navy,New Mexico State
https://n.rivals.com/content/prospects/2018/anthony-spurlock-194050,2018,2,Oregon State,Idaho,Jacksonville State,Nicholls State,Troy
https://n.rivals.com/content/prospects/2018/jay-person-186357,2018,2,Appalachian State,Middle Tennessee State,Mississippi State,Missouri,Tulane
https://n.rivals.com/content/prospects/2018/chad-muma-170010,2018,2,Wyoming,Colorado State,Columbia,Hawaii,Nevada
https://n.rivals.com/content/prospects/2018/tre-moore-209324,2018,2,Georgia State
https://n.rivals.com/content/prospects/2018/john-bolding-208152,2018,2,Florida International,Arkansas State,McNeese State,Northern Colorado,Oklahoma State,Prarie View A&M,Southern Miss,Stephen F. Austin
https://n.rivals.com/content/prospects/2018/dallas-holliday-209345,2018,2,San Diego State,Boston College
https://n.rivals.com/content/prospects/2018/ryan-miller-206059,2018,2,Furman,Air Force,Eastern Illinois,Murray State,Tennessee-Chattanooga
https://n.rivals.com/content/prospects/2018/charlie-bostic-204671,2018,2,San Jose State,Brigham Young,Wyoming
